iso3_country,canonical_organism,canonical_drug,dosing_variant,n_years,first_year,last_year,total_n_isolates,min_n_isolates_across_years,evolutionary_fitness_score_slope,intercept,pearson_r,low_density_flag,version,date_added
ARE,Haemophilus influenzae,amoxicillin,,2,2020,2021,34,15,9.643576746180325e-17,1.999999999999805,,True,v1,2026-07-08
ARE,Haemophilus influenzae,amoxicillin/clavulanate,fixed_2ug,2,2020,2021,34,15,0.9999999999999549,-2017.9999999999088,0.9999999999999999,True,v1,2026-07-08
ARE,Haemophilus influenzae,amoxicillin/clavulanate,standard,2,2020,2021,34,15,9.643576746180325e-17,1.999999999999805,,True,v1,2026-07-08
ARE,Haemophilus influenzae,ampicillin,,2,2020,2021,34,15,9.643576746180325e-17,1.999999999999805,,True,v1,2026-07-08
ARE,Haemophilus influenzae,cefixime,,2,2020,2021,34,15,-9.26769975630534e-17,2.058893689053756,,True,v1,2026-07-08
ARE,Haemophilus influenzae,cefotaxime,,2,2020,2021,34,15,-0.9068905956084772,1835.884787413786,-1.0,True,v1,2026-07-08
ARE,Haemophilus influenzae,cefpodoxime,,2,2020,2021,34,15,-9.26769975630534e-17,2.058893689053756,,True,v1,2026-07-08
ARE,Haemophilus influenzae,ceftibuten,,2,2020,2021,34,15,3.648874032317663e-18,4.058893689053561,,True,v1,2026-07-08
ARE,Haemophilus influenzae,ceftriaxone,,2,2020,2021,34,15,2.789920254878553e-17,4.965784284662032,,True,v1,2026-07-08
ARE,Haemophilus influenzae,cefuroxime,,2,2020,2021,34,15,9.643576746180325e-17,1.999999999999805,,True,v1,2026-07-08
ARE,Haemophilus influenzae,levofloxacin,,2,2020,2021,34,15,9.643576746180325e-17,1.999999999999805,,True,v1,2026-07-08
ARE,Haemophilus influenzae,moxifloxacin,,2,2020,2021,34,15,0.9999999999999546,-2017.941106310855,0.9999999999999999,True,v1,2026-07-08
ARE,Haemophilus influenzae,tetracycline,,2,2020,2021,34,15,9.643576746180325e-17,1.999999999999805,,True,v1,2026-07-08
ARE,Haemophilus influenzae,trimethoprim/sulfamethoxazole,,2,2020,2021,34,15,0.0,0.0,,True,v1,2026-07-08
ARE,Streptococcus pneumoniae,azithromycin,,2,2020,2021,49,11,-5.05889368905334,10222.024145576801,-1.0,True,v1,2026-07-08
ARE,Streptococcus pneumoniae,cefaclor,,2,2020,2021,49,11,-1.4460813083437992e-16,-2.9999999999997082,,True,v1,2026-07-08
ARE,Streptococcus pneumoniae,cefotaxime,,2,2020,2021,49,11,-1.058893689053521,2143.0241455771666,-1.0,True,v1,2026-07-08
ARE,Streptococcus pneumoniae,cefpodoxime,,2,2020,2021,49,11,4.8217883730901625e-17,0.9999999999999025,,True,v1,2026-07-08
ARE,Streptococcus pneumoniae,ceftriaxone,,2,2020,2021,49,11,1.4460813083437992e-16,2.9999999999997082,,True,v1,2026-07-08
ARE,Streptococcus pneumoniae,cefuroxime,,2,2020,2021,49,11,9.643576746180325e-17,1.999999999999805,,True,v1,2026-07-08
ARE,Streptococcus pneumoniae,clarithromycin,,2,2020,2021,49,11,-5.058893689053339,10223.0241455768,-1.0,True,v1,2026-07-08
ARE,Streptococcus pneumoniae,doxycycline,,2,2020,2021,49,11,2.191201370538162e-16,4.058893689053127,,True,v1,2026-07-08
ARE,Streptococcus pneumoniae,erythromycin,,2,2020,2021,49,11,-6.0588936890532965,12243.02414557671,-0.9999999999999998,True,v1,2026-07-08
ARE,Streptococcus pneumoniae,levofloxacin,,2,2020,2021,49,11,4.8217883730901625e-17,0.9999999999999025,,True,v1,2026-07-08
ARE,Streptococcus pneumoniae,moxifloxacin,,2,2020,2021,49,11,1.5214050172453002e-17,2.0588936890535385,,True,v1,2026-07-08
ARE,Streptococcus pneumoniae,penicillin,,2,2020,2021,49,11,1.4460813083437992e-16,2.9999999999997082,,True,v1,2026-07-08
ARE,Streptococcus pneumoniae,tetracycline,,2,2020,2021,49,11,-2.4999999999998876,5052.9999999997735,-0.9999999999999999,True,v1,2026-07-08
ARE,Streptococcus pneumoniae,trimethoprim/sulfamethoxazole,,2,2020,2021,49,11,-0.9999999999999549,2021.9999999999088,-0.9999999999999999,True,v1,2026-07-08
ARG,Haemophilus influenzae,amoxicillin,,3,2015,2017,89,4,-2.12727171617452e-16,2.000000000000429,,True,v1,2026-07-08
ARG,Haemophilus influenzae,amoxicillin/clavulanate,standard,3,2015,2017,89,4,-2.12727171617452e-16,2.000000000000429,,True,v1,2026-07-08
ARG,Haemophilus influenzae,ampicillin,,3,2015,2017,89,4,0.5147234222634373,-1034.9666745422119,0.8660254037844386,True,v1,2026-07-08
ARG,Haemophilus influenzae,cefixime,,3,2015,2017,89,4,0.5000000000001944,-1005.6077729780053,0.8660254037844387,True,v1,2026-07-08
ARG,Haemophilus influenzae,cefpodoxime,,3,2015,2017,89,4,-1.4027731426452267e-16,3.0588936890538516,0.0,True,v1,2026-07-08
ARG,Haemophilus influenzae,ceftriaxone,,3,2015,2017,89,4,-1.4027731426452267e-16,3.0588936890538516,0.0,True,v1,2026-07-08
ARG,Haemophilus influenzae,cefuroxime,,3,2015,2017,89,4,-2.12727171617452e-16,2.000000000000429,,True,v1,2026-07-08
ARG,Haemophilus influenzae,levofloxacin,,3,2015,2017,89,4,0.5000000000000442,-1006.3333333334228,0.8660254037844387,True,v1,2026-07-08
ARG,Haemophilus influenzae,moxifloxacin,,3,2015,2017,89,4,0.25000000000002187,-501.1077729776573,0.8660254037844387,True,v1,2026-07-08
ARG,Haemophilus influenzae,trimethoprim/sulfamethoxazole,,3,2015,2017,89,4,1.5147234222636765,-3050.966674542695,0.9812928125851058,True,v1,2026-07-08
ARG,Streptococcus pneumoniae,ampicillin,,3,2015,2017,95,7,-7.414030278160972e-16,6.058893689055064,,True,v1,2026-07-08
ARG,Streptococcus pneumoniae,azithromycin,,3,2015,2017,95,7,-1.4027731426452267e-16,3.0588936890538516,0.0,True,v1,2026-07-08
ARG,Streptococcus pneumoniae,cefaclor,,3,2015,2017,95,7,1.06363585808726e-16,-1.0000000000002145,,True,v1,2026-07-08
ARG,Streptococcus pneumoniae,cefpodoxime,,3,2015,2017,95,7,0.24999999999994663,-500.44110631083896,0.5,True,v1,2026-07-08
ARG,Streptococcus pneumoniae,ceftriaxone,,3,2015,2017,95,7,0.5000000000000432,-1002.2744396443672,0.8660254037844387,True,v1,2026-07-08
ARG,Streptococcus pneumoniae,cefuroxime,,3,2015,2017,95,7,1.5294468445273801,-3080.3452073375147,0.8660254037844387,True,v1,2026-07-08
ARG,Streptococcus pneumoniae,clarithromycin,,3,2015,2017,95,7,0.25000000000009703,-499.77443964447554,0.8660254037844387,True,v1,2026-07-08
ARG,Streptococcus pneumoniae,erythromycin,,3,2015,2017,95,7,3.4705476038744457e-17,4.058893689053498,,True,v1,2026-07-08
ARG,Streptococcus pneumoniae,levofloxacin,,3,2015,2017,95,7,-1.06363585808726e-16,1.0000000000002145,,True,v1,2026-07-08
ARG,Streptococcus pneumoniae,moxifloxacin,,3,2015,2017,95,7,-2.1221791496444863e-16,2.0588936890539973,,True,v1,2026-07-08
ARG,Streptococcus pneumoniae,penicillin,,3,2015,2017,95,7,1.029446844526875,-2070.9922427734778,0.8660254037844386,True,v1,2026-07-08
ARG,Streptococcus pneumoniae,trimethoprim/sulfamethoxazole,,3,2015,2017,95,7,-3.806233146773486e-17,3.000000000000077,,True,v1,2026-07-08
BGR,Haemophilus influenzae,amoxicillin,,2,2014,2015,73,13,0.0,0.0,,True,v1,2026-07-08
BGR,Haemophilus influenzae,amoxicillin/clavulanate,standard,2,2014,2015,73,13,1.7403349561764133e-17,1.9999999999999645,,True,v1,2026-07-08
BGR,Haemophilus influenzae,ampicillin,,2,2014,2015,73,13,1.7403349561764133e-17,1.9999999999999645,,True,v1,2026-07-08
BGR,Haemophilus influenzae,ceftriaxone,,2,2014,2015,73,13,-2.4719770909476936e-16,2.0588936890540666,,True,v1,2026-07-08
BGR,Haemophilus influenzae,cefuroxime,,2,2014,2015,73,13,8.701674780882066e-18,0.9999999999999822,,True,v1,2026-07-08
BGR,Haemophilus influenzae,levofloxacin,,2,2014,2015,73,13,8.701674780882066e-18,0.9999999999999822,,True,v1,2026-07-08
BGR,Haemophilus influenzae,moxifloxacin,,2,2014,2015,73,13,2.1739424409886134e-17,3.0588936890535243,,True,v1,2026-07-08
BGR,Haemophilus influenzae,trimethoprim/sulfamethoxazole,,2,2014,2015,73,13,2.9999999999986913,-6042.999999997363,1.0,True,v1,2026-07-08
BGR,Streptococcus pneumoniae,ampicillin,,3,2014,2016,164,1,2.7526790913591166e-16,6.058893689053012,,True,v1,2026-07-08
BGR,Streptococcus pneumoniae,azithromycin,,3,2014,2016,164,1,0.5294468445267085,-1065.1294625952814,0.8660254037844386,True,v1,2026-07-08
BGR,Streptococcus pneumoniae,cefaclor,,3,2014,2016,164,1,-9.363287425826173e-17,-0.9999999999998109,,True,v1,2026-07-08
BGR,Streptococcus pneumoniae,ceftriaxone,,3,2014,2016,164,1,2.7526790913591166e-16,6.058893689053012,,True,v1,2026-07-08
BGR,Streptococcus pneumoniae,cefuroxime,,3,2014,2016,164,1,2.378359311267844e-16,3.0588936890530882,,True,v1,2026-07-08
BGR,Streptococcus pneumoniae,clarithromycin,,3,2014,2016,164,1,0.4999999999999291,-1002.7744396441364,0.8660254037844387,True,v1,2026-07-08
BGR,Streptococcus pneumoniae,erythromycin,,3,2014,2016,164,1,3.6943771757505475e-16,4.058893689052823,,True,v1,2026-07-08
BGR,Streptococcus pneumoniae,levofloxacin,,3,2014,2016,164,1,9.363287425826173e-17,0.9999999999998109,,True,v1,2026-07-08
BGR,Streptococcus pneumoniae,moxifloxacin,,3,2014,2016,164,1,0.5294468445267085,-1065.1294625952814,0.8660254037844386,True,v1,2026-07-08
BGR,Streptococcus pneumoniae,penicillin,,3,2014,2016,164,1,3.226972742256838e-16,5.058893689052916,,True,v1,2026-07-08
BGR,Streptococcus pneumoniae,trimethoprim/sulfamethoxazole,,3,2014,2016,164,1,1.0294468445266372,-2070.9627959284703,0.8660254037844387,True,v1,2026-07-08
CHL,Haemophilus influenzae,amoxicillin,,3,2015,2017,77,1,1.4999999999999825,-3023.666666666632,0.720576692122892,True,v1,2026-07-08
CHL,Haemophilus influenzae,amoxicillin/clavulanate,standard,3,2015,2017,77,1,-1.5036587937807095e-13,1.333333333636471,0.0,True,v1,2026-07-08
CHL,Haemophilus influenzae,ampicillin,,3,2015,2017,77,1,3.000000000000106,-6047.647035437199,0.7880685476310301,True,v1,2026-07-08
CHL,Haemophilus influenzae,cefixime,,3,2015,2017,77,1,0.49999999999996886,-1006.1077729775507,0.6546536707079771,True,v1,2026-07-08
CHL,Haemophilus influenzae,cefpodoxime,,3,2015,2017,77,1,0.5000000000000442,-1005.2744396443692,0.8660254037844386,True,v1,2026-07-08
CHL,Haemophilus influenzae,ceftriaxone,,3,2015,2017,77,1,-1.4027731426452267e-16,3.0588936890538516,0.0,True,v1,2026-07-08
CHL,Haemophilus influenzae,cefuroxime,,3,2015,2017,77,1,0.24999999999994693,-502.4999999998932,0.5,True,v1,2026-07-08
CHL,Haemophilus influenzae,levofloxacin,,3,2015,2017,77,1,0.2500000000000973,-502.8333333335296,0.8660254037844387,True,v1,2026-07-08
CHL,Haemophilus influenzae,moxifloxacin,,3,2015,2017,77,1,-3.358260837567078e-17,2.0588936890536362,,True,v1,2026-07-08
CHL,Haemophilus influenzae,trimethoprim/sulfamethoxazole,,3,2015,2017,77,1,0.5294468445268308,-1064.6589094400554,0.8660254037844386,True,v1,2026-07-08
CHL,Streptococcus pneumoniae,ampicillin,,3,2015,2017,73,2,-0.5147234222634384,1041.0255682312677,-0.8660254037844387,True,v1,2026-07-08
CHL,Streptococcus pneumoniae,azithromycin,,3,2015,2017,73,2,-2.264723422263893,4561.858901565518,-0.9977305388042789,True,v1,2026-07-08
CHL,Streptococcus pneumoniae,cefaclor,,3,2015,2017,73,2,-0.7500000000000664,1510.5000000001344,-0.8660254037844387,True,v1,2026-07-08
CHL,Streptococcus pneumoniae,cefpodoxime,,3,2015,2017,73,2,-1.2794468445270568,2581.570767692583,-0.9950839187835574,True,v1,2026-07-08
CHL,Streptococcus pneumoniae,ceftriaxone,,3,2015,2017,73,2,-1.264723422263584,2554.2314973575976,-0.9480206191109981,True,v1,2026-07-08
CHL,Streptococcus pneumoniae,cefuroxime,,3,2015,2017,73,2,-1.5294468445270701,3085.7178031295925,-0.9806069406203942,True,v1,2026-07-08
CHL,Streptococcus pneumoniae,clarithromycin,,3,2015,2017,73,2,-2.2647234222638937,4562.85890156552,-0.9977305388042789,True,v1,2026-07-08
CHL,Streptococcus pneumoniae,erythromycin,,3,2015,2017,73,2,-2.2647234222637427,4562.525568231882,-0.9517537362680347,True,v1,2026-07-08
CHL,Streptococcus pneumoniae,levofloxacin,,3,2015,2017,73,2,-1.06363585808726e-16,1.0000000000002145,,True,v1,2026-07-08
CHL,Streptococcus pneumoniae,moxifloxacin,,3,2015,2017,73,2,0.2647234222634156,-531.8000078755013,0.8660254037844386,True,v1,2026-07-08
CHL,Streptococcus pneumoniae,penicillin,,3,2015,2017,73,2,-1.0294468445271105,2079.070767692691,-0.9586318127488591,True,v1,2026-07-08
CHL,Streptococcus pneumoniae,trimethoprim/sulfamethoxazole,,3,2015,2017,73,2,-1.0000000000000886,2017.666666666846,-0.8660254037844385,True,v1,2026-07-08
CRI,Haemophilus influenzae,amoxicillin,,2,2016,2017,52,8,-0.9999999999991835,2017.4999999983536,-0.9999999999999999,True,v1,2026-07-08
CRI,Haemophilus influenzae,amoxicillin/clavulanate,standard,2,2016,2017,52,8,-0.4999999999995916,1009.4999999991763,-0.9999999999999999,True,v1,2026-07-08
CRI,Haemophilus influenzae,ampicillin,,2,2016,2017,52,8,-0.4999999999995916,1009.4999999991763,-0.9999999999999999,True,v1,2026-07-08
CRI,Haemophilus influenzae,cefixime,,2,2016,2017,52,8,2.7227860557843834e-16,2.058893689053019,,True,v1,2026-07-08
CRI,Haemophilus influenzae,cefpodoxime,,2,2016,2017,52,8,0.49999999999959227,-1005.4411063101242,0.9999999999999999,True,v1,2026-07-08
CRI,Haemophilus influenzae,ceftriaxone,,2,2016,2017,52,8,9.521983338450519e-17,3.058893689053376,,True,v1,2026-07-08
CRI,Haemophilus influenzae,cefuroxime,,2,2016,2017,52,8,-0.9999999999991834,2017.9999999983534,-0.9999999999999999,True,v1,2026-07-08
CRI,Haemophilus influenzae,levofloxacin,,2,2016,2017,52,8,0.9999999999991839,-2014.9999999983545,0.9999999999999999,True,v1,2026-07-08
CRI,Haemophilus influenzae,moxifloxacin,,2,2016,2017,52,8,0.9999999999991839,-2013.9411063093007,0.9999999999999999,True,v1,2026-07-08
CRI,Haemophilus influenzae,trimethoprim/sulfamethoxazole,,2,2016,2017,52,8,-0.529446844526352,1069.8942854096522,-1.0,True,v1,2026-07-08
CZE,Haemophilus influenzae,amoxicillin,,2,2014,2015,197,21,0.0,0.0,,True,v1,2026-07-08
CZE,Haemophilus influenzae,amoxicillin/clavulanate,standard,2,2014,2015,197,21,1.7403349561764133e-17,1.9999999999999645,,True,v1,2026-07-08
CZE,Haemophilus influenzae,ampicillin,,2,2014,2015,197,21,-1.9999999999991276,4029.999999998242,-0.9999999999999999,True,v1,2026-07-08
CZE,Haemophilus influenzae,ceftriaxone,,2,2014,2015,197,21,-2.4719770909476936e-16,2.0588936890540666,,True,v1,2026-07-08
CZE,Haemophilus influenzae,cefuroxime,,2,2014,2015,197,21,8.701674780882066e-18,0.9999999999999822,,True,v1,2026-07-08
CZE,Haemophilus influenzae,levofloxacin,,2,2014,2015,197,21,-0.9068905956081237,1829.384550150369,-1.0,True,v1,2026-07-08
CZE,Haemophilus influenzae,moxifloxacin,,2,2014,2015,197,21,2.1739424409886134e-17,3.0588936890535243,,True,v1,2026-07-08
CZE,Haemophilus influenzae,trimethoprim/sulfamethoxazole,,2,2014,2015,197,21,-0.9999999999995631,2018.0588936881734,-0.9999999999999999,True,v1,2026-07-08
CZE,Streptococcus pneumoniae,ampicillin,,2,2014,2015,200,3,-2.1254688908867196e-16,6.0588936890539955,,True,v1,2026-07-08
CZE,Streptococcus pneumoniae,azithromycin,,2,2014,2015,200,3,-1.3940729939134096e-16,2.0588936890538494,,True,v1,2026-07-08
CZE,Streptococcus pneumoniae,cefaclor,,2,2014,2015,200,3,-8.701674780882066e-18,-0.9999999999999822,,True,v1,2026-07-08
CZE,Streptococcus pneumoniae,ceftriaxone,,2,2014,2015,200,3,-2.1254688908867196e-16,6.0588936890539955,,True,v1,2026-07-08
CZE,Streptococcus pneumoniae,cefuroxime,,2,2014,2015,200,3,6.495102862403439e-16,3.0588936890522587,,True,v1,2026-07-08
CZE,Streptococcus pneumoniae,clarithromycin,,2,2014,2015,200,3,-4.812824875394464e-16,5.058893689054537,,True,v1,2026-07-08
CZE,Streptococcus pneumoniae,erythromycin,,2,2014,2015,200,3,-7.497976396282596e-16,4.058893689055079,,True,v1,2026-07-08
CZE,Streptococcus pneumoniae,levofloxacin,,2,2014,2015,200,3,8.701674780882066e-18,0.9999999999999822,,True,v1,2026-07-08
CZE,Streptococcus pneumoniae,moxifloxacin,,2,2014,2015,200,3,-1.3940729939134096e-16,2.0588936890538494,,True,v1,2026-07-08
CZE,Streptococcus pneumoniae,penicillin,,2,2014,2015,200,3,-4.812824875394464e-16,5.058893689054537,,True,v1,2026-07-08
CZE,Streptococcus pneumoniae,trimethoprim/sulfamethoxazole,,2,2014,2015,200,3,1.0588936890531073,-2129.611889752958,1.0,True,v1,2026-07-08
ESP,Haemophilus influenzae,amoxicillin,,4,2018,2021,275,6,-7.930396580903764e-19,2.0000000000000004,,True,v1,2026-07-08
ESP,Haemophilus influenzae,amoxicillin/clavulanate,fixed_2ug,4,2018,2021,275,6,-0.2999999999999729,608.0999999999453,-0.7745966692414834,True,v1,2026-07-08
ESP,Haemophilus influenzae,amoxicillin/clavulanate,standard,4,2018,2021,275,6,-7.930396580903764e-19,2.0000000000000004,,True,v1,2026-07-08
ESP,Haemophilus influenzae,ampicillin,,4,2018,2021,275,6,-7.930396580903764e-19,2.0000000000000004,,True,v1,2026-07-08
ESP,Haemophilus influenzae,cefixime,,4,2018,2021,275,6,-0.1499999999999867,305.10889368902673,-0.7745966692414834,True,v1,2026-07-08
ESP,Haemophilus influenzae,cefotaxime,,4,2018,2021,275,6,3.2513311401644105e-17,3.0588936890535012,,True,v1,2026-07-08
ESP,Haemophilus influenzae,cefpodoxime,,4,2018,2021,275,6,-1.445593372966915e-16,2.05889368905386,,True,v1,2026-07-08
ESP,Haemophilus influenzae,ceftibuten,,4,2018,2021,275,6,3.198406985571066e-17,4.058893689053502,,True,v1,2026-07-08
ESP,Haemophilus influenzae,ceftriaxone,,4,2018,2021,275,6,1.1472112390909356e-16,4.965784284661853,,True,v1,2026-07-08
ESP,Haemophilus influenzae,cefuroxime,,4,2018,2021,275,6,-7.930396580903764e-19,2.0000000000000004,,True,v1,2026-07-08
ESP,Haemophilus influenzae,levofloxacin,,4,2018,2021,275,6,-7.930396580903764e-19,2.0000000000000004,,True,v1,2026-07-08
ESP,Haemophilus influenzae,moxifloxacin,,4,2018,2021,275,6,3.2513311401644105e-17,3.0588936890535012,,True,v1,2026-07-08
ESP,Haemophilus influenzae,tetracycline,,4,2018,2021,275,6,-0.1500000000000163,305.8000000000329,-0.7745966692414834,True,v1,2026-07-08
ESP,Haemophilus influenzae,trimethoprim/sulfamethoxazole,,4,2018,2021,275,6,-3.1307950311944516e-14,2.794170266853402,0.0,True,v1,2026-07-08
ESP,Streptococcus pneumoniae,azithromycin,,4,2018,2021,176,4,-0.25000000000005945,508.3088936891736,-0.674199862463242,True,v1,2026-07-08
ESP,Streptococcus pneumoniae,cefaclor,,4,2018,2021,176,4,-0.15000000000004574,302.5500000000924,-0.40451991747794525,True,v1,2026-07-08
ESP,Streptococcus pneumoniae,cefotaxime,,4,2018,2021,176,4,-0.3000000000000325,611.6588936891193,-0.7745966692414834,True,v1,2026-07-08
ESP,Streptococcus pneumoniae,cefpodoxime,,4,2018,2021,176,4,-5.941435349126692e-14,3.5588936891735545,0.0,True,v1,2026-07-08
ESP,Streptococcus pneumoniae,ceftriaxone,,4,2018,2021,176,4,-0.15000000000004635,308.6088936891472,-0.40451991747794525,True,v1,2026-07-08
ESP,Streptococcus pneumoniae,cefuroxime,,4,2018,2021,176,4,-0.14116594664207066,289.26116122158356,-0.1757732793620196,True,v1,2026-07-08
ESP,Streptococcus pneumoniae,clarithromycin,,4,2018,2021,176,4,-0.15000000000004632,307.6088936891471,-0.40451991747794525,True,v1,2026-07-08
ESP,Streptococcus pneumoniae,doxycycline,,4,2018,2021,176,4,-0.3000000000000322,610.6588936891186,-0.7745966692414834,True,v1,2026-07-08
ESP,Streptococcus pneumoniae,erythromycin,,4,2018,2021,176,4,3.198406985571066e-17,4.058893689053502,,True,v1,2026-07-08
ESP,Streptococcus pneumoniae,levofloxacin,,4,2018,2021,176,4,-3.965198290451882e-19,1.0000000000000002,,True,v1,2026-07-08
ESP,Streptococcus pneumoniae,moxifloxacin,,4,2018,2021,176,4,-5.593941942431737e-17,2.058893689053681,,True,v1,2026-07-08
ESP,Streptococcus pneumoniae,penicillin,,4,2018,2021,176,4,-0.15000000000010538,309.1088936892664,-0.18786728732554522,True,v1,2026-07-08
ESP,Streptococcus pneumoniae,tetracycline,,4,2018,2021,176,4,-0.3176681067161051,645.3249117799646,-0.7745966692414834,True,v1,2026-07-08
ESP,Streptococcus pneumoniae,trimethoprim/sulfamethoxazole,,4,2018,2021,176,4,-2.97513833350989e-14,2.750000000060082,0.0,True,v1,2026-07-08
GRC,Haemophilus influenzae,amoxicillin,,2,2014,2015,52,21,0.0,0.0,,True,v1,2026-07-08
GRC,Haemophilus influenzae,amoxicillin/clavulanate,standard,2,2014,2015,52,21,8.701674780882066e-18,0.9999999999999822,,True,v1,2026-07-08
GRC,Haemophilus influenzae,ampicillin,,2,2014,2015,52,21,0.0,0.0,,True,v1,2026-07-08
GRC,Haemophilus influenzae,ceftriaxone,,2,2014,2015,52,21,-2.4719770909476936e-16,2.0588936890540666,,True,v1,2026-07-08
GRC,Haemophilus influenzae,cefuroxime,,2,2014,2015,52,21,0.9999999999995638,-2012.9999999991214,0.9999999999999999,True,v1,2026-07-08
GRC,Haemophilus influenzae,levofloxacin,,2,2014,2015,52,21,1.7403349561764133e-17,1.9999999999999645,,True,v1,2026-07-08
GRC,Haemophilus influenzae,moxifloxacin,,2,2014,2015,52,21,2.1739424409886134e-17,3.0588936890535243,,True,v1,2026-07-08
GRC,Haemophilus influenzae,trimethoprim/sulfamethoxazole,,2,2014,2015,52,21,-2.0588936890526703,4150.670783441132,-0.9999999999999999,True,v1,2026-07-08
GRC,Streptococcus pneumoniae,ampicillin,,3,2014,2016,99,2,-1.014723422263271,2048.697142705017,-0.7512381393385318,True,v1,2026-07-08
GRC,Streptococcus pneumoniae,azithromycin,,3,2014,2016,99,2,-1.0147234222633423,2044.6971427051606,-0.5,True,v1,2026-07-08
GRC,Streptococcus pneumoniae,cefaclor,,3,2014,2016,99,2,-0.2499999999999878,502.2499999999752,-0.5,True,v1,2026-07-08
GRC,Streptococcus pneumoniae,ceftriaxone,,3,2014,2016,99,2,-0.7647234222633071,1544.780476038423,-0.7152591020486049,True,v1,2026-07-08
GRC,Streptococcus pneumoniae,cefuroxime,,3,2014,2016,99,2,-1.2647234222631882,2549.9471427048506,-0.9401236378374312,True,v1,2026-07-08
GRC,Streptococcus pneumoniae,clarithromycin,,3,2014,2016,99,2,-1.5147234222633175,3054.19714270511,-0.5,True,v1,2026-07-08
GRC,Streptococcus pneumoniae,erythromycin,,3,2014,2016,99,2,-1.0147234222633426,2046.697142705161,-0.5,True,v1,2026-07-08
GRC,Streptococcus pneumoniae,levofloxacin,,3,2014,2016,99,2,9.363287425826173e-17,0.9999999999998109,,True,v1,2026-07-08
GRC,Streptococcus pneumoniae,moxifloxacin,,3,2014,2016,99,2,-0.2647234222633292,535.3001072681526,-0.8660254037844386,True,v1,2026-07-08
GRC,Streptococcus pneumoniae,penicillin,,3,2014,2016,99,2,-1.2647234222631882,2551.9471427048497,-0.9401236378374312,True,v1,2026-07-08
GRC,Streptococcus pneumoniae,trimethoprim/sulfamethoxazole,,3,2014,2016,99,2,-0.51472342226327,1040.8834406013664,-0.8660254037844387,True,v1,2026-07-08
HRV,Haemophilus influenzae,amoxicillin,,2,2014,2015,99,12,0.0,0.0,,True,v1,2026-07-08
HRV,Haemophilus influenzae,amoxicillin/clavulanate,standard,2,2014,2015,99,12,-0.49999999999978195,1008.4999999995606,-0.9999999999999999,True,v1,2026-07-08
HRV,Haemophilus influenzae,ampicillin,,2,2014,2015,99,12,1.9999999999991276,-4027.999999998242,0.9999999999999999,True,v1,2026-07-08
HRV,Haemophilus influenzae,ceftriaxone,,2,2014,2015,99,12,-2.4719770909476936e-16,2.0588936890540666,,True,v1,2026-07-08
HRV,Haemophilus influenzae,cefuroxime,,2,2014,2015,99,12,8.701674780882066e-18,0.9999999999999822,,True,v1,2026-07-08
HRV,Haemophilus influenzae,levofloxacin,,2,2014,2015,99,12,-0.9999999999995642,2015.999999999122,-0.9999999999999999,True,v1,2026-07-08
HRV,Haemophilus influenzae,moxifloxacin,,2,2014,2015,99,12,2.1739424409886134e-17,3.0588936890535243,,True,v1,2026-07-08
HRV,Haemophilus influenzae,trimethoprim/sulfamethoxazole,,2,2014,2015,99,12,6.495102862403439e-16,3.0588936890522587,,True,v1,2026-07-08
HRV,Streptococcus pneumoniae,ampicillin,,3,2014,2016,93,1,-2.5294468445261824,5101.207987512957,-0.8660254037844386,True,v1,2026-07-08
HRV,Streptococcus pneumoniae,azithromycin,,3,2014,2016,93,1,-0.5294468445266584,1068.5413208472517,-0.8660254037844386,True,v1,2026-07-08
HRV,Streptococcus pneumoniae,cefaclor,,3,2014,2016,93,1,-0.9999999999997621,2013.3333333328526,-0.8660254037844387,True,v1,2026-07-08
HRV,Streptococcus pneumoniae,ceftriaxone,,3,2014,2016,93,1,-2.029446844526254,4093.3746541797695,-0.757496931775313,True,v1,2026-07-08
HRV,Streptococcus pneumoniae,cefuroxime,,3,2014,2016,93,1,-2.529446844526183,5098.207987512959,-0.8660254037844386,True,v1,2026-07-08
HRV,Streptococcus pneumoniae,clarithromycin,,3,2014,2016,93,1,-0.4999999999999284,1011.8922270222422,-0.8660254037844385,True,v1,2026-07-08
HRV,Streptococcus pneumoniae,erythromycin,,3,2014,2016,93,1,3.6943771757505475e-16,4.058893689052823,,True,v1,2026-07-08
HRV,Streptococcus pneumoniae,levofloxacin,,3,2014,2016,93,1,9.363287425826173e-17,0.9999999999998109,,True,v1,2026-07-08
HRV,Streptococcus pneumoniae,moxifloxacin,,3,2014,2016,93,1,3.294413623591268e-18,2.0588936890535616,,True,v1,2026-07-08
HRV,Streptococcus pneumoniae,penicillin,,3,2014,2016,93,1,-2.5294468445261815,5100.207987512955,-0.8660254037844386,True,v1,2026-07-08
HRV,Streptococcus pneumoniae,trimethoprim/sulfamethoxazole,,3,2014,2016,93,1,-2.0294468445263525,4091.6883562836156,-0.9639315028612707,True,v1,2026-07-08
IND,Haemophilus influenzae,amoxicillin,,3,2018,2021,171,4,0.35714285714283106,-719.6428571428046,0.944911182523068,True,v1,2026-07-08
IND,Haemophilus influenzae,amoxicillin/clavulanate,fixed_2ug,3,2018,2021,171,4,-0.17857142857141567,362.8214285714025,-0.944911182523068,True,v1,2026-07-08
IND,Haemophilus influenzae,amoxicillin/clavulanate,standard,3,2018,2021,171,4,0.35714285714283106,-719.6428571428046,0.944911182523068,True,v1,2026-07-08
IND,Haemophilus influenzae,ampicillin,,3,2018,2021,171,4,0.35714285714283106,-719.6428571428046,0.944911182523068,True,v1,2026-07-08
IND,Haemophilus influenzae,cefixime,,3,2018,2021,171,4,-5.807656032017505e-17,2.058893689053686,,True,v1,2026-07-08
IND,Haemophilus influenzae,cefotaxime,,3,2018,2021,171,4,-0.5024609270030059,1018.3314427913275,-0.944911182523068,True,v1,2026-07-08
IND,Haemophilus influenzae,cefpodoxime,,3,2018,2021,171,4,0.17857142857141534,-358.7625348823483,0.944911182523068,True,v1,2026-07-08
IND,Haemophilus influenzae,ceftibuten,,3,2018,2021,171,4,0.36765958733096715,-738.8340684718988,0.944911182523068,True,v1,2026-07-08
IND,Haemophilus influenzae,ceftriaxone,,3,2018,2021,171,4,-0.17857142857141567,365.7872128560646,-0.944911182523068,True,v1,2026-07-08
IND,Haemophilus influenzae,cefuroxime,,3,2018,2021,171,4,-0.17857142857141567,362.8214285714025,-0.944911182523068,True,v1,2026-07-08
IND,Haemophilus influenzae,levofloxacin,,3,2018,2021,171,4,-1.362639644871726e-16,-3.0588936890532925,6.076817087715071e-14,True,v1,2026-07-08
IND,Haemophilus influenzae,moxifloxacin,,3,2018,2021,171,4,1.3134805812957538e-17,-2.000000000000026,,True,v1,2026-07-08
IND,Haemophilus influenzae,tetracycline,,3,2018,2021,171,4,1.8129548560249314e-16,2.999999999999633,,True,v1,2026-07-08
IND,Haemophilus influenzae,trimethoprim/sulfamethoxazole,,3,2018,2021,171,4,-0.17857142857141556,357.8214285714023,-0.944911182523068,True,v1,2026-07-08
IND,Streptococcus pneumoniae,azithromycin,,3,2018,2021,177,12,-0.107142857142721,213.89285714258216,-0.09078412990032037,True,v1,2026-07-08
IND,Streptococcus pneumoniae,cefaclor,,3,2018,2021,177,12,0.4285714285714341,-867.5714285714397,0.6546536707079771,True,v1,2026-07-08
IND,Streptococcus pneumoniae,cefotaxime,,3,2018,2021,177,12,0.5210334603763097,-1047.9413163473178,0.5123586225559023,True,v1,2026-07-08
IND,Streptococcus pneumoniae,cefpodoxime,,3,2018,2021,177,12,0.5756352635038962,-1160.905055960351,0.4158046567402052,True,v1,2026-07-08
IND,Streptococcus pneumoniae,ceftriaxone,,3,2018,2021,177,12,0.5756352635038957,-1158.9050559603504,0.4158046567402053,True,v1,2026-07-08
IND,Streptococcus pneumoniae,cefuroxime,,3,2018,2021,177,12,0.28992097778966747,-583.1907702461806,0.1889822365046136,True,v1,2026-07-08
IND,Streptococcus pneumoniae,clarithromycin,,3,2018,2021,177,12,-0.06932522539079138,138.6903291624439,-0.05047058086679067,True,v1,2026-07-08
IND,Streptococcus pneumoniae,doxycycline,,3,2018,2021,177,12,6.567402906478769e-18,-1.000000000000013,,True,v1,2026-07-08
IND,Streptococcus pneumoniae,erythromycin,,3,2018,2021,177,12,-0.21218236824790562,426.547472019529,-0.140469646504674,True,v1,2026-07-08
IND,Streptococcus pneumoniae,levofloxacin,,3,2018,2021,177,12,-6.567402906478769e-18,1.000000000000013,,True,v1,2026-07-08
IND,Streptococcus pneumoniae,moxifloxacin,,3,2018,2021,177,12,1.5363525631860164e-17,2.0588936890535376,,True,v1,2026-07-08
IND,Streptococcus pneumoniae,penicillin,,3,2018,2021,177,12,0.21849240636106498,-437.26219881754645,0.18898223650461363,True,v1,2026-07-08
IND,Streptococcus pneumoniae,tetracycline,,3,2018,2021,177,12,6.567402906478769e-18,-1.000000000000013,,True,v1,2026-07-08
IND,Streptococcus pneumoniae,trimethoprim/sulfamethoxazole,,3,2018,2021,177,12,0.1428571428572056,-288.8571428572696,0.1889822365046136,True,v1,2026-07-08
ITA,Haemophilus influenzae,amoxicillin,,4,2018,2021,249,3,-7.930396580903764e-19,2.0000000000000004,,True,v1,2026-07-08
ITA,Haemophilus influenzae,amoxicillin/clavulanate,fixed_2ug,4,2018,2021,249,3,0.300000000000032,-603.6000000000647,0.7745966692414834,True,v1,2026-07-08
ITA,Haemophilus influenzae,amoxicillin/clavulanate,standard,4,2018,2021,249,3,-7.930396580903764e-19,2.0000000000000004,,True,v1,2026-07-08
ITA,Haemophilus influenzae,ampicillin,,4,2018,2021,249,3,-0.10000000000001366,203.70000000002756,-0.2581988897471611,True,v1,2026-07-08
ITA,Haemophilus influenzae,cefixime,,4,2018,2021,249,3,-1.445593372966915e-16,2.05889368905386,,True,v1,2026-07-08
ITA,Haemophilus influenzae,cefotaxime,,4,2018,2021,249,3,3.2513311401644105e-17,3.0588936890535012,,True,v1,2026-07-08
ITA,Haemophilus influenzae,cefpodoxime,,4,2018,2021,249,3,-1.445593372966915e-16,2.05889368905386,,True,v1,2026-07-08
ITA,Haemophilus influenzae,ceftibuten,,4,2018,2021,249,3,0.2999999999999728,-602.0411063108916,0.7745966692414834,True,v1,2026-07-08
ITA,Haemophilus influenzae,ceftriaxone,,4,2018,2021,249,3,1.1472112390909356e-16,4.965784284661853,,True,v1,2026-07-08
ITA,Haemophilus influenzae,cefuroxime,,4,2018,2021,249,3,-7.930396580903764e-19,2.0000000000000004,,True,v1,2026-07-08
ITA,Haemophilus influenzae,levofloxacin,,4,2018,2021,249,3,-7.930396580903764e-19,2.0000000000000004,,True,v1,2026-07-08
ITA,Haemophilus influenzae,moxifloxacin,,4,2018,2021,249,3,3.2513311401644105e-17,3.0588936890535012,,True,v1,2026-07-08
ITA,Haemophilus influenzae,tetracycline,,4,2018,2021,249,3,-9.46887499934185e-19,3.000000000000001,,True,v1,2026-07-08
ITA,Haemophilus influenzae,trimethoprim/sulfamethoxazole,,4,2018,2021,249,3,-4.114847446067442e-16,3.058893689054399,,True,v1,2026-07-08
ITA,Streptococcus pneumoniae,azithromycin,,3,2019,2021,77,15,3.5294468445263782,-7131.462994713598,0.9700994881729378,True,v1,2026-07-08
ITA,Streptococcus pneumoniae,cefaclor,,3,2019,2021,77,15,-0.5000000000000184,1009.3333333333701,-0.8660254037844385,True,v1,2026-07-08
ITA,Streptococcus pneumoniae,cefotaxime,,3,2019,2021,77,15,0.49999999999991324,-1004.6077729774375,0.8660254037844387,True,v1,2026-07-08
ITA,Streptococcus pneumoniae,cefpodoxime,,3,2019,2021,77,15,2.1214456894641083e-16,3.0588936890531393,0.0,True,v1,2026-07-08
ITA,Streptococcus pneumoniae,ceftriaxone,,3,2019,2021,77,15,2.422047002935777e-16,5.058893689053078,,True,v1,2026-07-08
ITA,Streptococcus pneumoniae,cefuroxime,,3,2019,2021,77,15,0.49999999999991285,-1006.6077729774368,0.8660254037844386,True,v1,2026-07-08
ITA,Streptococcus pneumoniae,clarithromycin,,3,2019,2021,77,15,4.529446844526415,-9150.129661380337,0.9977305388042786,True,v1,2026-07-08
ITA,Streptococcus pneumoniae,doxycycline,,3,2019,2021,77,15,2.5294468445267717,-5106.44336348471,0.944123384647978,True,v1,2026-07-08
ITA,Streptococcus pneumoniae,erythromycin,,3,2019,2021,77,15,4.0294468445263965,-8140.7963280469685,0.9892959337149428,True,v1,2026-07-08
ITA,Streptococcus pneumoniae,levofloxacin,,3,2019,2021,77,15,1.56047317821824e-16,0.9999999999996845,,True,v1,2026-07-08
ITA,Streptococcus pneumoniae,moxifloxacin,,3,2019,2021,77,15,-0.500000000000018,1012.3922270224228,-0.8660254037844386,True,v1,2026-07-08
ITA,Streptococcus pneumoniae,penicillin,,3,2019,2021,77,15,1.102288865915912e-15,6.058893689051339,,True,v1,2026-07-08
ITA,Streptococcus pneumoniae,tetracycline,,3,2019,2021,77,15,2.529446844526765,-5107.46299471438,0.9480206191109981,True,v1,2026-07-08
ITA,Streptococcus pneumoniae,trimethoprim/sulfamethoxazole,,3,2019,2021,77,15,-1.054347741866127e-13,2.666666666879644,0.0,True,v1,2026-07-08
KEN,Streptococcus pneumoniae,ampicillin,,3,2016,2018,44,9,-1.0147234222633108,2048.040291653273,-0.65737466417528,True,v1,2026-07-08
KEN,Streptococcus pneumoniae,azithromycin,,3,2016,2018,44,9,-0.2500000000001062,505.45592912624966,-0.06847418802945902,True,v1,2026-07-08
KEN,Streptococcus pneumoniae,cefaclor,,3,2016,2018,44,9,-0.25000000000001776,500.7500000000357,-0.1889822365046136,True,v1,2026-07-08
KEN,Streptococcus pneumoniae,cefpodoxime,,3,2016,2018,44,9,-0.2499999999999961,504.08333333332536,-0.3273268353539886,True,v1,2026-07-08
KEN,Streptococcus pneumoniae,ceftriaxone,,3,2016,2018,44,9,-0.5294468445267525,1070.913916640144,-0.5142321446805672,True,v1,2026-07-08
KEN,Streptococcus pneumoniae,cefuroxime,,3,2016,2018,44,9,-4.3404426972337205e-14,0.3333333334208801,0.0,True,v1,2026-07-08
KEN,Streptococcus pneumoniae,clarithromycin,,3,2016,2018,44,9,-1.0988964587224226e-13,2.372595792924027,0.0,True,v1,2026-07-08
KEN,Streptococcus pneumoniae,erythromycin,,3,2016,2018,44,9,-0.5000000000000586,1010.2059291261536,-0.153934108939647,True,v1,2026-07-08
KEN,Streptococcus pneumoniae,levofloxacin,,3,2016,2018,44,9,9.912170526364638e-17,0.9999999999998,,True,v1,2026-07-08
KEN,Streptococcus pneumoniae,moxifloxacin,,3,2016,2018,44,9,-1.4316830053324172e-16,2.0588936890538574,,True,v1,2026-07-08
KEN,Streptococcus pneumoniae,penicillin,,3,2016,2018,44,9,-2.2094906441490064e-14,1.666666666711233,0.0,True,v1,2026-07-08
KEN,Streptococcus pneumoniae,trimethoprim/sulfamethoxazole,,3,2016,2018,44,9,0.24999999999995282,-505.7499999999047,0.5,True,v1,2026-07-08
KHM,Haemophilus influenzae,amoxicillin,,2,2016,2017,30,5,-2.9999999999975513,6049.9999999950605,-1.0,True,v1,2026-07-08
KHM,Haemophilus influenzae,amoxicillin/clavulanate,standard,2,2016,2017,30,5,6.862134291239082e-16,1.999999999998615,,True,v1,2026-07-08
KHM,Haemophilus influenzae,ampicillin,,2,2016,2017,30,5,-4.058893689050255,8185.788570814365,-0.9999999999999999,True,v1,2026-07-08
KHM,Haemophilus influenzae,cefixime,,2,2016,2017,30,5,0.9999999999991839,-2013.9411063093007,0.9999999999999999,True,v1,2026-07-08
KHM,Haemophilus influenzae,cefpodoxime,,2,2016,2017,30,5,0.9999999999991842,-2012.9411063093012,0.9999999999999999,True,v1,2026-07-08
KHM,Haemophilus influenzae,ceftriaxone,,2,2016,2017,30,5,9.521983338450519e-17,3.058893689053376,,True,v1,2026-07-08
KHM,Haemophilus influenzae,cefuroxime,,2,2016,2017,30,5,0.9999999999991839,-2013.9999999983543,0.9999999999999999,True,v1,2026-07-08
KHM,Haemophilus influenzae,levofloxacin,,2,2016,2017,30,5,-0.9999999999991834,2017.9999999983534,-0.9999999999999999,True,v1,2026-07-08
KHM,Haemophilus influenzae,moxifloxacin,,2,2016,2017,30,5,9.521983338450519e-17,3.058893689053376,,True,v1,2026-07-08
KHM,Haemophilus influenzae,trimethoprim/sulfamethoxazole,,2,2016,2017,30,5,5.058893689049439,-10200.729677123667,0.9999999999999999,True,v1,2026-07-08
KHM,Streptococcus pneumoniae,ampicillin,,2,2016,2017,48,7,-1.9999999999983669,4033.9999999967063,-0.9999999999999999,True,v1,2026-07-08
KHM,Streptococcus pneumoniae,azithromycin,,2,2016,2017,48,7,-4.058893689050255,8184.788570814368,-0.9999999999999999,True,v1,2026-07-08
KHM,Streptococcus pneumoniae,cefaclor,,2,2016,2017,48,7,-2.9999999999975504,6045.999999995061,-1.0,True,v1,2026-07-08
KHM,Streptococcus pneumoniae,cefpodoxime,,2,2016,2017,48,7,-0.9999999999991834,2016.9999999983531,-0.9999999999999999,True,v1,2026-07-08
KHM,Streptococcus pneumoniae,ceftriaxone,,2,2016,2017,48,7,-2.058893689051888,4154.788570817658,-1.0,True,v1,2026-07-08
KHM,Streptococcus pneumoniae,cefuroxime,,2,2016,2017,48,7,-2.9999999999975517,6048.999999995062,-1.0,True,v1,2026-07-08
KHM,Streptococcus pneumoniae,clarithromycin,,2,2016,2017,48,7,-5.058893689049438,10202.788570812718,-1.0,True,v1,2026-07-08
KHM,Streptococcus pneumoniae,erythromycin,,2,2016,2017,48,7,-5.058893689049438,10201.788570812718,-1.0,True,v1,2026-07-08
KHM,Streptococcus pneumoniae,levofloxacin,,2,2016,2017,48,7,3.431067145619541e-16,0.9999999999993076,,True,v1,2026-07-08
KHM,Streptococcus pneumoniae,moxifloxacin,,2,2016,2017,48,7,3.798842446162641e-16,2.058893689052802,,True,v1,2026-07-08
KHM,Streptococcus pneumoniae,penicillin,,2,2016,2017,48,7,-0.9999999999991832,2018.9999999983527,-0.9999999999999999,True,v1,2026-07-08
KHM,Streptococcus pneumoniae,trimethoprim/sulfamethoxazole,,2,2016,2017,48,7,0.9999999999991839,-2015.999999998354,0.9999999999999999,True,v1,2026-07-08
KWT,Haemophilus influenzae,amoxicillin,,4,2017,2020,81,1,0.4441106310948138,-894.5475854426179,0.2305198877355957,True,v1,2026-07-08
KWT,Haemophilus influenzae,amoxicillin/clavulanate,fixed_2ug,3,2018,2020,79,1,-2.0294468445271114,4100.806143663256,-0.8660254037844386,True,v1,2026-07-08
KWT,Haemophilus influenzae,amoxicillin/clavulanate,standard,4,2017,2020,81,1,-0.005889368905278764,13.402414557568573,-0.004318975252191229,True,v1,2026-07-08
KWT,Haemophilus influenzae,ampicillin,,4,2017,2020,81,1,-0.3647234222634037,737.8413129720753,-0.48355644453175545,True,v1,2026-07-08
KWT,Haemophilus influenzae,cefixime,,4,2017,2020,81,1,0.1093109404392036,-218.10851693857666,0.1360621893510705,True,v1,2026-07-08
KWT,Haemophilus influenzae,cefotaxime,,3,2018,2020,79,1,0.5000000000000244,-1004.2008823820538,0.8660254037844387,True,v1,2026-07-08
KWT,Haemophilus influenzae,cefpodoxime,,4,2017,2020,81,1,-0.0500000000000351,102.8588936891244,-0.10259783520851551,True,v1,2026-07-08
KWT,Haemophilus influenzae,ceftibuten,,3,2018,2020,79,1,1.0000000000001044,-2014.9411063111575,1.0,True,v1,2026-07-08
KWT,Haemophilus influenzae,ceftriaxone,,4,2017,2020,81,1,1.0220671786826978,-2058.178538535265,0.9453183007214422,True,v1,2026-07-08
KWT,Haemophilus influenzae,cefuroxime,,4,2017,2020,81,1,0.15000000000001362,-300.6500000000273,0.7745966692414834,True,v1,2026-07-08
KWT,Haemophilus influenzae,levofloxacin,,4,2017,2020,81,1,0.3813781191217841,-767.1082881495166,0.43258995167334047,True,v1,2026-07-08
KWT,Haemophilus influenzae,moxifloxacin,,4,2017,2020,81,1,0.5313781191218108,-1068.9493944605165,0.5172349194919231,True,v1,2026-07-08
KWT,Haemophilus influenzae,tetracycline,,3,2018,2020,79,1,-0.5294468445268699,1072.3061436627681,-0.8660254037844387,True,v1,2026-07-08
KWT,Haemophilus influenzae,trimethoprim/sulfamethoxazole,,4,2017,2020,81,1,3.067668106716419,-6192.198349984826,0.9726641040810192,True,v1,2026-07-08
KWT,Streptococcus pneumoniae,ampicillin,,3,2015,2017,82,10,1.2647234222637342,-2547.505937002181,0.9927770089390475,True,v1,2026-07-08
KWT,Streptococcus pneumoniae,azithromycin,,6,2015,2021,131,2,-0.30567477460905274,614.2781774425773,-0.25963720659349115,True,v1,2026-07-08
KWT,Streptococcus pneumoniae,cefaclor,,6,2015,2021,131,2,0.5357142857142997,-1083.7380952381236,0.7913024420099962,True,v1,2026-07-08
KWT,Streptococcus pneumoniae,cefotaxime,,3,2019,2021,49,2,0.7647234222632592,-1541.2314973569405,0.8660254037844387,True,v1,2026-07-08
KWT,Streptococcus pneumoniae,cefpodoxime,,6,2015,2021,131,2,0.26890881587596976,-541.9766003487769,0.5008353939608092,True,v1,2026-07-08
KWT,Streptococcus pneumoniae,ceftriaxone,,6,2015,2021,131,2,0.23740122223694562,-475.4677941037174,0.6341935351818956,True,v1,2026-07-08
KWT,Streptococcus pneumoniae,cefuroxime,,6,2015,2021,131,2,0.5010516730188628,-1010.0242193964684,0.6415411869986591,True,v1,2026-07-08
KWT,Streptococcus pneumoniae,clarithromycin,,6,2015,2021,131,2,-0.44537689840975675,897.201971079819,-0.33361208066915427,True,v1,2026-07-08
KWT,Streptococcus pneumoniae,doxycycline,,3,2019,2021,49,2,-1.0147234222637507,2051.4374264839694,-0.39857688713436656,True,v1,2026-07-08
KWT,Streptococcus pneumoniae,erythromycin,,6,2015,2021,131,2,-0.24894832698118152,500.14244727028773,-0.19514100755536296,True,v1,2026-07-08
KWT,Streptococcus pneumoniae,levofloxacin,,6,2015,2021,131,2,0.05357142857143426,-107.023809523821,0.6210590034081189,True,v1,2026-07-08
KWT,Streptococcus pneumoniae,moxifloxacin,,6,2015,2021,131,2,0.16702432382716814,-335.0893407423474,0.769492089771352,True,v1,2026-07-08
KWT,Streptococcus pneumoniae,penicillin,,6,2015,2021,131,2,0.2909726508083702,-583.8249369608521,0.4825412611803111,True,v1,2026-07-08
KWT,Streptococcus pneumoniae,tetracycline,,3,2019,2021,49,2,-0.7352765777369026,1486.4351693100516,-0.36341815897449636,True,v1,2026-07-08
KWT,Streptococcus pneumoniae,trimethoprim/sulfamethoxazole,,6,2015,2021,131,2,-0.1249999999999742,253.49999999994796,-0.2728884114549077,True,v1,2026-07-08
LBN,Streptococcus pneumoniae,ampicillin,,2,2016,2017,21,10,0.9999999999991828,-2010.9411063092984,0.9999999999999999,True,v1,2026-07-08
LBN,Streptococcus pneumoniae,azithromycin,,2,2016,2017,21,10,9.521983338450519e-17,3.058893689053376,,True,v1,2026-07-08
LBN,Streptococcus pneumoniae,cefaclor,,2,2016,2017,21,10,-0.9999999999991839,2015.999999998354,-0.9999999999999999,True,v1,2026-07-08
LBN,Streptococcus pneumoniae,cefpodoxime,,2,2016,2017,21,10,0.499999999999592,-1004.4411063101238,0.9999999999999999,True,v1,2026-07-08
LBN,Streptococcus pneumoniae,ceftriaxone,,2,2016,2017,21,10,9.472153665029243e-16,7.058893689051656,,True,v1,2026-07-08
LBN,Streptococcus pneumoniae,cefuroxime,,2,2016,2017,21,10,6.862134291239082e-16,1.999999999998615,,True,v1,2026-07-08
LBN,Streptococcus pneumoniae,clarithromycin,,2,2016,2017,21,10,9.584920347023466e-16,4.058893689051634,,True,v1,2026-07-08
LBN,Streptococcus pneumoniae,erythromycin,,2,2016,2017,21,10,9.584920347023466e-16,4.058893689051634,,True,v1,2026-07-08
LBN,Streptococcus pneumoniae,levofloxacin,,2,2016,2017,21,10,3.431067145619541e-16,0.9999999999993076,,True,v1,2026-07-08
LBN,Streptococcus pneumoniae,moxifloxacin,,2,2016,2017,21,10,3.798842446162641e-16,2.058893689052802,,True,v1,2026-07-08
LBN,Streptococcus pneumoniae,penicillin,,2,2016,2017,21,10,0.4999999999995914,-1003.4411063101223,1.0,True,v1,2026-07-08
LBN,Streptococcus pneumoniae,trimethoprim/sulfamethoxazole,,2,2016,2017,21,10,5.091090462758792e-16,2.999999999998973,,True,v1,2026-07-08
MAR,Haemophilus influenzae,amoxicillin,,2,2016,2017,4,2,-0.9999999999991834,2017.9999999983534,-0.9999999999999999,True,v1,2026-07-08
MAR,Haemophilus influenzae,amoxicillin/clavulanate,standard,2,2016,2017,4,2,-0.9999999999991834,2017.9999999983534,-0.9999999999999999,True,v1,2026-07-08
MAR,Haemophilus influenzae,ampicillin,,2,2016,2017,4,2,-2.058893689051888,4153.788570817659,-0.9999999999999999,True,v1,2026-07-08
MAR,Haemophilus influenzae,cefixime,,2,2016,2017,4,2,2.7227860557843834e-16,2.058893689053019,,True,v1,2026-07-08
MAR,Haemophilus influenzae,cefpodoxime,,2,2016,2017,4,2,-0.49999999999959116,1011.058893688229,-0.9999999999999999,True,v1,2026-07-08
MAR,Haemophilus influenzae,ceftriaxone,,2,2016,2017,4,2,9.521983338450519e-17,3.058893689053376,,True,v1,2026-07-08
MAR,Haemophilus influenzae,cefuroxime,,2,2016,2017,4,2,-0.9999999999991834,2017.9999999983534,-0.9999999999999999,True,v1,2026-07-08
MAR,Haemophilus influenzae,levofloxacin,,2,2016,2017,4,2,0.9999999999991839,-2014.9999999983545,0.9999999999999999,True,v1,2026-07-08
MAR,Haemophilus influenzae,moxifloxacin,,2,2016,2017,4,2,0.9999999999991839,-2013.9411063093007,0.9999999999999999,True,v1,2026-07-08
MAR,Haemophilus influenzae,trimethoprim/sulfamethoxazole,,2,2016,2017,4,2,-3.529446844523902,7115.894285404713,-1.0,True,v1,2026-07-08
MAR,Streptococcus pneumoniae,ampicillin,,2,2016,2017,19,7,1.6450169128538607e-15,6.058893689050248,,True,v1,2026-07-08
MAR,Streptococcus pneumoniae,azithromycin,,2,2016,2017,19,7,9.521983338450519e-17,3.058893689053376,,True,v1,2026-07-08
MAR,Streptococcus pneumoniae,cefaclor,,2,2016,2017,19,7,-0.9999999999991839,2015.999999998354,-0.9999999999999999,True,v1,2026-07-08
MAR,Streptococcus pneumoniae,cefpodoxime,,2,2016,2017,19,7,9.584920347023466e-16,4.058893689051634,,True,v1,2026-07-08
MAR,Streptococcus pneumoniae,ceftriaxone,,2,2016,2017,19,7,9.472153665029243e-16,7.058893689051656,,True,v1,2026-07-08
MAR,Streptococcus pneumoniae,cefuroxime,,2,2016,2017,19,7,-0.9999999999991832,2021.0588936874067,-0.9999999999999999,True,v1,2026-07-08
MAR,Streptococcus pneumoniae,clarithromycin,,2,2016,2017,19,7,-0.9999999999991832,2021.0588936874067,-0.9999999999999999,True,v1,2026-07-08
MAR,Streptococcus pneumoniae,erythromycin,,2,2016,2017,19,7,9.584920347023466e-16,4.058893689051634,,True,v1,2026-07-08
MAR,Streptococcus pneumoniae,levofloxacin,,2,2016,2017,19,7,3.431067145619541e-16,0.9999999999993076,,True,v1,2026-07-08
MAR,Streptococcus pneumoniae,moxifloxacin,,2,2016,2017,19,7,-1.058893689052704,2136.7885708193044,-1.0,True,v1,2026-07-08
MAR,Streptococcus pneumoniae,penicillin,,2,2016,2017,19,7,1.3017088631240077e-15,5.058893689050942,,True,v1,2026-07-08
MAR,Streptococcus pneumoniae,trimethoprim/sulfamethoxazole,,2,2016,2017,19,7,-1.999999999998367,4034.999999996707,-0.9999999999999999,True,v1,2026-07-08
NGA,Streptococcus pneumoniae,ampicillin,,2,2016,2017,4,1,0.999999999999185,-2010.941106309303,0.9999999999999999,True,v1,2026-07-08
NGA,Streptococcus pneumoniae,azithromycin,,2,2016,2017,4,1,9.521983338450519e-17,3.058893689053376,,True,v1,2026-07-08
NGA,Streptococcus pneumoniae,cefaclor,,2,2016,2017,4,1,0.9999999999991834,-2017.9999999983534,0.9999999999999999,True,v1,2026-07-08
NGA,Streptococcus pneumoniae,cefpodoxime,,2,2016,2017,4,1,1.999999999998367,-4029.941106307654,1.0,True,v1,2026-07-08
NGA,Streptococcus pneumoniae,ceftriaxone,,2,2016,2017,4,1,2.99999999999755,-6043.941106306006,1.0,True,v1,2026-07-08
NGA,Streptococcus pneumoniae,cefuroxime,,2,2016,2017,4,1,2.9999999999975517,-6048.999999995062,1.0,True,v1,2026-07-08
NGA,Streptococcus pneumoniae,clarithromycin,,2,2016,2017,4,1,9.584920347023466e-16,4.058893689051634,,True,v1,2026-07-08
NGA,Streptococcus pneumoniae,erythromycin,,2,2016,2017,4,1,9.584920347023466e-16,4.058893689051634,,True,v1,2026-07-08
NGA,Streptococcus pneumoniae,levofloxacin,,2,2016,2017,4,1,3.431067145619541e-16,0.9999999999993076,,True,v1,2026-07-08
NGA,Streptococcus pneumoniae,moxifloxacin,,2,2016,2017,4,1,3.798842446162641e-16,2.058893689052802,,True,v1,2026-07-08
NGA,Streptococcus pneumoniae,penicillin,,2,2016,2017,4,1,2.058893689051888,-4147.7296771286055,0.9999999999999999,True,v1,2026-07-08
NGA,Streptococcus pneumoniae,trimethoprim/sulfamethoxazole,,2,2016,2017,4,1,2.9999999999975517,-6048.999999995062,1.0,True,v1,2026-07-08
PAK,Haemophilus influenzae,amoxicillin,,5,2016,2021,189,3,-0.02325581395347333,49.13953488369055,-0.10783277320343843,True,v1,2026-07-08
PAK,Haemophilus influenzae,amoxicillin/clavulanate,fixed_2ug,3,2018,2021,67,3,1.8129548560249314e-16,2.999999999999633,,True,v1,2026-07-08
PAK,Haemophilus influenzae,amoxicillin/clavulanate,standard,5,2016,2021,189,3,-3.600510656959534e-18,2.0000000000000067,,True,v1,2026-07-08
PAK,Haemophilus influenzae,ampicillin,,5,2016,2021,189,3,-0.01231271731453627,27.487324841092136,-0.04402254531628117,True,v1,2026-07-08
PAK,Haemophilus influenzae,cefixime,,5,2016,2021,189,3,-0.023255813953473342,49.19842857274414,-0.10783277320343843,True,v1,2026-07-08
PAK,Haemophilus influenzae,cefotaxime,,3,2018,2021,67,3,-0.9733973130309009,1970.2682606375358,-0.999720024794165,True,v1,2026-07-08
PAK,Haemophilus influenzae,cefpodoxime,,5,2016,2021,189,3,-0.1511627906976474,307.96587043318493,-0.7009130258223498,True,v1,2026-07-08
PAK,Haemophilus influenzae,ceftibuten,,3,2018,2021,67,3,-0.4999999999999456,1014.0588936889437,-1.0,True,v1,2026-07-08
PAK,Haemophilus influenzae,ceftriaxone,,5,2016,2021,189,3,0.42128978275065826,-846.1282694575095,0.8364283610093427,True,v1,2026-07-08
PAK,Haemophilus influenzae,cefuroxime,,5,2016,2021,189,3,0.08139534883716645,-162.48837209293671,0.3774147062120344,True,v1,2026-07-08
PAK,Haemophilus influenzae,levofloxacin,,5,2016,2021,189,3,0.467520049635413,-943.854246921928,0.5251404178530893,True,v1,2026-07-08
PAK,Haemophilus influenzae,moxifloxacin,,5,2016,2021,189,3,0.48712724508636973,-982.2891384119639,0.46382283278506803,True,v1,2026-07-08
PAK,Haemophilus influenzae,tetracycline,,3,2018,2021,67,3,1.8129548560249314e-16,2.999999999999633,,True,v1,2026-07-08
PAK,Haemophilus influenzae,trimethoprim/sulfamethoxazole,,5,2016,2021,189,3,-0.5174418604649991,1043.1046511625539,-0.5235656459352005,True,v1,2026-07-08
PAK,Streptococcus pneumoniae,ampicillin,,2,2016,2017,94,21,-0.9999999999991832,2018.9999999983527,-0.9999999999999999,True,v1,2026-07-08
PAK,Streptococcus pneumoniae,azithromycin,,6,2016,2021,151,1,0.08571428571433673,-176.1809523810554,0.13716898705776376,True,v1,2026-07-08
PAK,Streptococcus pneumoniae,cefaclor,,6,2016,2021,151,1,0.3428571428571525,-693.7238095238292,0.7855844048495726,True,v1,2026-07-08
PAK,Streptococcus pneumoniae,cefotaxime,,4,2018,2021,57,1,-1.4544898802052616e-16,4.058893689053861,,True,v1,2026-07-08
PAK,Streptococcus pneumoniae,cefpodoxime,,6,2016,2021,151,1,1.3695522253486249e-17,0.9999999999999726,,True,v1,2026-07-08
PAK,Streptococcus pneumoniae,ceftriaxone,,6,2016,2021,151,1,-0.15127052700763888,308.5160410464281,-0.6546536707079772,True,v1,2026-07-08
PAK,Streptococcus pneumoniae,cefuroxime,,6,2016,2021,151,1,-0.015127052700768856,32.622197017256404,-0.13093073414159545,True,v1,2026-07-08
PAK,Streptococcus pneumoniae,clarithromycin,,6,2016,2021,151,1,0.17142857142863713,-348.02857142870414,0.17928429140015908,True,v1,2026-07-08
PAK,Streptococcus pneumoniae,doxycycline,,4,2018,2021,57,1,-0.10000000000007277,201.20000000014693,-0.2581988897471611,True,v1,2026-07-08
PAK,Streptococcus pneumoniae,erythromycin,,6,2016,2021,151,1,0.18571428571434087,-377.6142857143971,0.21651636025477392,True,v1,2026-07-08
PAK,Streptococcus pneumoniae,levofloxacin,,6,2016,2021,151,1,0.2285714285714443,-460.7047619047939,0.828078671210825,True,v1,2026-07-08
PAK,Streptococcus pneumoniae,moxifloxacin,,6,2016,2021,151,1,0.17142857142857917,-343.63634440620024,0.6210590034081188,True,v1,2026-07-08
PAK,Streptococcus pneumoniae,penicillin,,6,2016,2021,151,1,0.21177873781073803,-423.9459354264481,0.6831300510639732,True,v1,2026-07-08
PAK,Streptococcus pneumoniae,tetracycline,,4,2018,2021,57,1,3.965198290451882e-19,-1.0000000000000002,,True,v1,2026-07-08
PAK,Streptococcus pneumoniae,trimethoprim/sulfamethoxazole,,6,2016,2021,151,1,-0.014285714285703842,27.58571428569321,-0.06388765649999399,True,v1,2026-07-08
PHL,Haemophilus influenzae,amoxicillin,,2,2016,2017,59,22,-0.9999999999991832,2018.9999999983527,-0.9999999999999999,True,v1,2026-07-08
PHL,Haemophilus influenzae,amoxicillin/clavulanate,standard,2,2016,2017,59,22,-0.9999999999991832,2018.9999999983527,-0.9999999999999999,True,v1,2026-07-08
PHL,Haemophilus influenzae,ampicillin,,2,2016,2017,59,22,7.232567975517281e-16,3.058893689052109,,True,v1,2026-07-08
PHL,Haemophilus influenzae,cefixime,,2,2016,2017,59,22,0.9999999999991839,-2013.9411063093007,0.9999999999999999,True,v1,2026-07-08
PHL,Haemophilus influenzae,cefpodoxime,,2,2016,2017,59,22,-0.9999999999991838,2020.0588936874074,-0.9999999999999999,True,v1,2026-07-08
PHL,Haemophilus influenzae,ceftriaxone,,2,2016,2017,59,22,9.521983338450519e-17,3.058893689053376,,True,v1,2026-07-08
PHL,Haemophilus influenzae,cefuroxime,,2,2016,2017,59,22,6.862134291239082e-16,1.999999999998615,,True,v1,2026-07-08
PHL,Haemophilus influenzae,levofloxacin,,2,2016,2017,59,22,0.9999999999991839,-2014.9999999983545,0.9999999999999999,True,v1,2026-07-08
PHL,Haemophilus influenzae,moxifloxacin,,2,2016,2017,59,22,9.521983338450519e-17,3.058893689053376,,True,v1,2026-07-08
PHL,Haemophilus influenzae,trimethoprim/sulfamethoxazole,,2,2016,2017,59,22,-1.9999999999983675,4030.999999996707,-0.9999999999999999,True,v1,2026-07-08
PHL,Streptococcus pneumoniae,ampicillin,,2,2016,2017,17,1,1.6450169128538607e-15,6.058893689050248,,True,v1,2026-07-08
PHL,Streptococcus pneumoniae,azithromycin,,2,2016,2017,17,1,0.9999999999991842,-2012.9411063093012,0.9999999999999999,True,v1,2026-07-08
PHL,Streptococcus pneumoniae,cefaclor,,2,2016,2017,17,1,0.0,0.0,,True,v1,2026-07-08
PHL,Streptococcus pneumoniae,cefpodoxime,,2,2016,2017,17,1,9.584920347023466e-16,4.058893689051634,,True,v1,2026-07-08
PHL,Streptococcus pneumoniae,ceftriaxone,,2,2016,2017,17,1,9.472153665029243e-16,7.058893689051656,,True,v1,2026-07-08
PHL,Streptococcus pneumoniae,cefuroxime,,2,2016,2017,17,1,1.3017088631240077e-15,5.058893689050942,,True,v1,2026-07-08
PHL,Streptococcus pneumoniae,clarithromycin,,2,2016,2017,17,1,1.3017088631240077e-15,5.058893689050942,,True,v1,2026-07-08
PHL,Streptococcus pneumoniae,erythromycin,,2,2016,2017,17,1,0.9999999999991845,-2011.9411063093023,0.9999999999999999,True,v1,2026-07-08
PHL,Streptococcus pneumoniae,levofloxacin,,2,2016,2017,17,1,3.431067145619541e-16,0.9999999999993076,,True,v1,2026-07-08
PHL,Streptococcus pneumoniae,moxifloxacin,,2,2016,2017,17,1,1.0588936890527045,-2133.7296771302517,1.0,True,v1,2026-07-08
PHL,Streptococcus pneumoniae,penicillin,,2,2016,2017,17,1,1.3017088631240077e-15,5.058893689050942,,True,v1,2026-07-08
PHL,Streptococcus pneumoniae,trimethoprim/sulfamethoxazole,,2,2016,2017,17,1,5.091090462758792e-16,2.999999999998973,,True,v1,2026-07-08
ROU,Haemophilus influenzae,amoxicillin,,2,2015,2016,143,26,0.0,0.0,,True,v1,2026-07-08
ROU,Haemophilus influenzae,amoxicillin/clavulanate,standard,2,2015,2016,143,26,-1.3577571263920324e-17,1.0000000000000275,,True,v1,2026-07-08
ROU,Haemophilus influenzae,ampicillin,,2,2015,2016,143,26,0.0,0.0,,True,v1,2026-07-08
ROU,Haemophilus influenzae,ceftriaxone,,2,2015,2016,143,26,-5.678363586173617e-16,2.0588936890547136,,True,v1,2026-07-08
ROU,Haemophilus influenzae,cefuroxime,,2,2015,2016,143,26,-1.3577571263920324e-17,1.0000000000000275,,True,v1,2026-07-08
ROU,Haemophilus influenzae,levofloxacin,,2,2015,2016,143,26,-2.7155142527840648e-17,2.000000000000055,,True,v1,2026-07-08
ROU,Haemophilus influenzae,moxifloxacin,,2,2015,2016,143,26,1.9868280075283737e-16,3.0588936890531673,,True,v1,2026-07-08
ROU,Haemophilus influenzae,trimethoprim/sulfamethoxazole,,2,2015,2016,143,26,-0.5294468445269724,1069.8942854109034,-1.0,True,v1,2026-07-08
ROU,Streptococcus pneumoniae,ampicillin,,2,2015,2016,229,25,-1.3577571263920324e-17,1.0000000000000275,,True,v1,2026-07-08
ROU,Streptococcus pneumoniae,azithromycin,,2,2015,2016,229,25,2.7155142527840648e-17,-2.000000000000055,,True,v1,2026-07-08
ROU,Streptococcus pneumoniae,cefaclor,,2,2015,2016,229,25,-2.1928431865826563e-16,-2.999999999999558,,True,v1,2026-07-08
ROU,Streptococcus pneumoniae,ceftriaxone,,2,2015,2016,229,25,-1.3577571263920324e-17,1.0000000000000275,,True,v1,2026-07-08
ROU,Streptococcus pneumoniae,cefuroxime,,2,2015,2016,229,25,1.3577571263920324e-17,-1.0000000000000275,,True,v1,2026-07-08
ROU,Streptococcus pneumoniae,clarithromycin,,2,2015,2016,229,25,1.3577571263920324e-17,-1.0000000000000275,,True,v1,2026-07-08
ROU,Streptococcus pneumoniae,erythromycin,,2,2015,2016,229,25,0.0,0.0,,True,v1,2026-07-08
ROU,Streptococcus pneumoniae,levofloxacin,,2,2015,2016,229,25,-1.3577571263920324e-17,1.0000000000000275,,True,v1,2026-07-08
ROU,Streptococcus pneumoniae,moxifloxacin,,2,2015,2016,229,25,6.01227046420671e-17,2.058893689053448,,True,v1,2026-07-08
ROU,Streptococcus pneumoniae,penicillin,,2,2015,2016,229,25,-1.0000000000003557,2016.000000000717,-0.9999999999999999,True,v1,2026-07-08
ROU,Streptococcus pneumoniae,trimethoprim/sulfamethoxazole,,2,2015,2016,229,25,0.0,0.0,,True,v1,2026-07-08
RUS,Haemophilus influenzae,amoxicillin,,3,2014,2016,279,17,0.0,0.0,,True,v1,2026-07-08
RUS,Haemophilus influenzae,amoxicillin/clavulanate,standard,3,2014,2016,279,17,-4.70745214257483e-14,1.6666666667615213,0.0,True,v1,2026-07-08
RUS,Haemophilus influenzae,ampicillin,,3,2014,2016,279,17,-0.24999999999994016,505.5833333332124,-0.8660254037844387,True,v1,2026-07-08
RUS,Haemophilus influenzae,ceftriaxone,,3,2014,2016,279,17,1.8176388659929793e-16,2.058893689053201,,True,v1,2026-07-08
RUS,Haemophilus influenzae,cefuroxime,,3,2014,2016,279,17,9.363287425826173e-17,0.9999999999998109,,True,v1,2026-07-08
RUS,Haemophilus influenzae,levofloxacin,,3,2014,2016,279,17,1.8726574851652346e-16,1.9999999999996219,,True,v1,2026-07-08
RUS,Haemophilus influenzae,moxifloxacin,,3,2014,2016,279,17,4.1630540410249105e-16,3.058893689052728,0.0,True,v1,2026-07-08
RUS,Haemophilus influenzae,trimethoprim/sulfamethoxazole,,3,2014,2016,279,17,1.8726574851652346e-16,1.9999999999996219,,True,v1,2026-07-08
RUS,Streptococcus pneumoniae,ampicillin,,3,2014,2016,279,14,1.5294468445265654,-3076.7961292616587,0.8660254037844387,True,v1,2026-07-08
RUS,Streptococcus pneumoniae,azithromycin,,3,2014,2016,279,14,-0.2647234222633042,534.9471427050845,-0.5,True,v1,2026-07-08
RUS,Streptococcus pneumoniae,cefaclor,,3,2014,2016,279,14,0.2499999999999641,-504.91666666659415,0.8660254037844387,True,v1,2026-07-08
RUS,Streptococcus pneumoniae,ceftriaxone,,3,2014,2016,279,14,1.264723422263211,-2543.2019511194912,0.8660254037844386,True,v1,2026-07-08
RUS,Streptococcus pneumoniae,cefuroxime,,3,2014,2016,279,14,0.5294468445267088,-1064.1294625952817,0.8660254037844386,True,v1,2026-07-08
RUS,Streptococcus pneumoniae,clarithromycin,,3,2014,2016,279,14,-0.24999999999991615,508.3088936888843,-0.5,True,v1,2026-07-08
RUS,Streptococcus pneumoniae,erythromycin,,3,2014,2016,279,14,3.6943771757505475e-16,4.058893689052823,,True,v1,2026-07-08
RUS,Streptococcus pneumoniae,levofloxacin,,3,2014,2016,279,14,9.363287425826173e-17,0.9999999999998109,,True,v1,2026-07-08
RUS,Streptococcus pneumoniae,moxifloxacin,,3,2014,2016,279,14,3.294413623591268e-18,2.0588936890535616,,True,v1,2026-07-08
RUS,Streptococcus pneumoniae,penicillin,,3,2014,2016,279,14,1.0294468445266367,-2069.9627959284694,0.8660254037844386,True,v1,2026-07-08
RUS,Streptococcus pneumoniae,trimethoprim/sulfamethoxazole,,3,2014,2016,279,14,1.8726574851652346e-16,1.9999999999996219,,True,v1,2026-07-08
SAU,Haemophilus influenzae,amoxicillin,,3,2015,2017,55,2,0.25000000000002215,-502.16666666671136,0.8660254037844387,True,v1,2026-07-08
SAU,Haemophilus influenzae,amoxicillin/clavulanate,standard,3,2015,2017,55,2,0.25000000000002215,-502.16666666671136,0.8660254037844387,True,v1,2026-07-08
SAU,Haemophilus influenzae,ampicillin,,3,2015,2017,55,2,0.7647234222634599,-1539.133341208924,0.8660254037844387,True,v1,2026-07-08
SAU,Haemophilus influenzae,cefixime,,3,2015,2017,55,2,-3.358260837567078e-17,2.0588936890536362,,True,v1,2026-07-08
SAU,Haemophilus influenzae,cefpodoxime,,3,2015,2017,55,2,-1.4027731426452267e-16,3.0588936890538516,0.0,True,v1,2026-07-08
SAU,Haemophilus influenzae,ceftriaxone,,3,2015,2017,55,2,-1.4027731426452267e-16,3.0588936890538516,0.0,True,v1,2026-07-08
SAU,Haemophilus influenzae,cefuroxime,,3,2015,2017,55,2,-2.12727171617452e-16,2.000000000000429,,True,v1,2026-07-08
SAU,Haemophilus influenzae,levofloxacin,,3,2015,2017,55,2,-1.06363585808726e-16,1.0000000000002145,,True,v1,2026-07-08
SAU,Haemophilus influenzae,moxifloxacin,,3,2015,2017,55,2,0.24999999999987133,-501.7744396440206,0.3273268353539886,True,v1,2026-07-08
SAU,Haemophilus influenzae,trimethoprim/sulfamethoxazole,,3,2015,2017,55,2,-2.029446844527415,4092.7178031302888,-0.9639315028612707,True,v1,2026-07-08
SAU,Streptococcus pneumoniae,ampicillin,,3,2015,2017,36,3,-1.5294468445269191,3087.384469795955,-0.8660254037844387,True,v1,2026-07-08
SAU,Streptococcus pneumoniae,azithromycin,,3,2015,2017,36,3,-2.5294468445276137,5099.394285412199,-0.9460851088198937,True,v1,2026-07-08
SAU,Streptococcus pneumoniae,cefaclor,,3,2015,2017,36,3,-1.0000000000001636,2013.833333333664,-0.9607689228305228,True,v1,2026-07-08
SAU,Streptococcus pneumoniae,cefpodoxime,,3,2015,2017,36,3,-1.0294468445268752,2077.051136462532,-0.8660254037844386,True,v1,2026-07-08
SAU,Streptococcus pneumoniae,ceftriaxone,,3,2015,2017,36,3,-2.0294468445271234,4096.070767692718,-0.9639315028612707,True,v1,2026-07-08
SAU,Streptococcus pneumoniae,cefuroxime,,3,2015,2017,36,3,3.011925618664722e-13,1.3333333327261285,0.0,True,v1,2026-07-08
SAU,Streptococcus pneumoniae,clarithromycin,,3,2015,2017,36,3,-3.0294468445278886,6109.237434360928,-0.9007976834476762,True,v1,2026-07-08
SAU,Streptococcus pneumoniae,erythromycin,,3,2015,2017,36,3,-3.5294468445278535,7116.394285412682,-0.9711909759096911,True,v1,2026-07-08
SAU,Streptococcus pneumoniae,levofloxacin,,3,2015,2017,36,3,-1.06363585808726e-16,1.0000000000002145,,True,v1,2026-07-08
SAU,Streptococcus pneumoniae,moxifloxacin,,3,2015,2017,36,3,-2.1221791496444863e-16,2.0588936890539973,,True,v1,2026-07-08
SAU,Streptococcus pneumoniae,penicillin,,3,2015,2017,36,3,3.84200746492475e-13,4.205929125261164,0.0,True,v1,2026-07-08
SAU,Streptococcus pneumoniae,trimethoprim/sulfamethoxazole,,3,2015,2017,36,3,-3.806233146773486e-17,3.000000000000077,,True,v1,2026-07-08
SGP,Haemophilus influenzae,amoxicillin,,2,2016,2017,80,35,0.0,0.0,,False,v1,2026-07-08
SGP,Haemophilus influenzae,amoxicillin/clavulanate,standard,2,2016,2017,80,35,-0.9999999999991834,2016.9999999983531,-0.9999999999999999,False,v1,2026-07-08
SGP,Haemophilus influenzae,ampicillin,,2,2016,2017,80,35,0.0,0.0,,False,v1,2026-07-08
SGP,Haemophilus influenzae,cefixime,,2,2016,2017,80,35,-0.9999999999991831,2018.0588936874065,-0.9999999999999999,False,v1,2026-07-08
SGP,Haemophilus influenzae,cefpodoxime,,2,2016,2017,80,35,3.798842446162641e-16,2.058893689052802,,False,v1,2026-07-08
SGP,Haemophilus influenzae,ceftriaxone,,2,2016,2017,80,35,9.521983338450519e-17,3.058893689053376,,False,v1,2026-07-08
SGP,Haemophilus influenzae,cefuroxime,,2,2016,2017,80,35,-0.9999999999991834,2016.9999999983531,-0.9999999999999999,False,v1,2026-07-08
SGP,Haemophilus influenzae,levofloxacin,,2,2016,2017,80,35,6.862134291239082e-16,1.999999999998615,,False,v1,2026-07-08
SGP,Haemophilus influenzae,moxifloxacin,,2,2016,2017,80,35,9.521983338450519e-17,3.058893689053376,,False,v1,2026-07-08
SGP,Haemophilus influenzae,trimethoprim/sulfamethoxazole,,2,2016,2017,80,35,-0.9999999999991832,2020.0588936874065,-0.9999999999999999,False,v1,2026-07-08
SGP,Streptococcus pneumoniae,ampicillin,,2,2016,2017,34,14,-1.4999999999987752,3026.49999999753,-1.0,True,v1,2026-07-08
SGP,Streptococcus pneumoniae,azithromycin,,2,2016,2017,34,14,-3.499999999997143,7053.499999994238,-1.0,True,v1,2026-07-08
SGP,Streptococcus pneumoniae,cefaclor,,2,2016,2017,34,14,-1.999999999998367,4028.9999999967076,-0.9999999999999999,True,v1,2026-07-08
SGP,Streptococcus pneumoniae,cefpodoxime,,2,2016,2017,34,14,-1.4999999999987759,3024.499999997531,-1.0,True,v1,2026-07-08
SGP,Streptococcus pneumoniae,ceftriaxone,,2,2016,2017,34,14,-0.49999999999959116,1010.9999999991755,-0.9999999999999999,True,v1,2026-07-08
SGP,Streptococcus pneumoniae,cefuroxime,,2,2016,2017,34,14,-1.4999999999987752,3025.49999999753,-1.0,True,v1,2026-07-08
SGP,Streptococcus pneumoniae,clarithromycin,,2,2016,2017,34,14,-3.9999999999967355,8062.999999993416,-0.9999999999999999,True,v1,2026-07-08
SGP,Streptococcus pneumoniae,erythromycin,,2,2016,2017,34,14,-2.9999999999975504,6045.999999995061,-1.0,True,v1,2026-07-08
SGP,Streptococcus pneumoniae,levofloxacin,,2,2016,2017,34,14,3.431067145619541e-16,0.9999999999993076,,True,v1,2026-07-08
SGP,Streptococcus pneumoniae,moxifloxacin,,2,2016,2017,34,14,3.798842446162641e-16,2.058893689052802,,True,v1,2026-07-08
SGP,Streptococcus pneumoniae,penicillin,,2,2016,2017,34,14,-1.529446844525536,3086.894285408006,-1.0,True,v1,2026-07-08
SGP,Streptococcus pneumoniae,trimethoprim/sulfamethoxazole,,2,2016,2017,34,14,-2.9999999999975517,6048.999999995062,-1.0,True,v1,2026-07-08
SRB,Streptococcus pneumoniae,ampicillin,,2,2014,2015,87,21,8.701674780882066e-18,0.9999999999999822,,True,v1,2026-07-08
SRB,Streptococcus pneumoniae,azithromycin,,2,2014,2015,87,21,-1.7403349561764133e-17,-1.9999999999999645,,True,v1,2026-07-08
SRB,Streptococcus pneumoniae,cefaclor,,2,2014,2015,87,21,2.3381867614626554e-16,-3.0000000000004707,,True,v1,2026-07-08
SRB,Streptococcus pneumoniae,ceftriaxone,,2,2014,2015,87,21,-0.9999999999995642,2015.999999999122,-0.9999999999999999,True,v1,2026-07-08
SRB,Streptococcus pneumoniae,cefuroxime,,2,2014,2015,87,21,-1.9999999999991276,4027.999999998242,-0.9999999999999999,True,v1,2026-07-08
SRB,Streptococcus pneumoniae,clarithromycin,,2,2014,2015,87,21,-8.701674780882066e-18,-0.9999999999999822,,True,v1,2026-07-08
SRB,Streptococcus pneumoniae,erythromycin,,2,2014,2015,87,21,0.0,0.0,,True,v1,2026-07-08
SRB,Streptococcus pneumoniae,levofloxacin,,2,2014,2015,87,21,8.701674780882066e-18,0.9999999999999822,,True,v1,2026-07-08
SRB,Streptococcus pneumoniae,moxifloxacin,,2,2014,2015,87,21,-1.3940729939134096e-16,2.0588936890538494,,True,v1,2026-07-08
SRB,Streptococcus pneumoniae,penicillin,,2,2014,2015,87,21,-0.9999999999995638,2014.999999999121,-0.9999999999999999,True,v1,2026-07-08
SRB,Streptococcus pneumoniae,trimethoprim/sulfamethoxazole,,2,2014,2015,87,21,-1.9999999999991276,4029.999999998242,-0.9999999999999999,True,v1,2026-07-08
SVK,Haemophilus influenzae,amoxicillin,,2,2015,2016,98,16,0.0,0.0,,True,v1,2026-07-08
SVK,Haemophilus influenzae,amoxicillin/clavulanate,standard,2,2015,2016,98,16,-2.7155142527840648e-17,2.000000000000055,,True,v1,2026-07-08
SVK,Haemophilus influenzae,ampicillin,,2,2015,2016,98,16,-2.7155142527840648e-17,2.000000000000055,,True,v1,2026-07-08
SVK,Haemophilus influenzae,ceftriaxone,,2,2015,2016,98,16,-5.678363586173617e-16,2.0588936890547136,,True,v1,2026-07-08
SVK,Haemophilus influenzae,cefuroxime,,2,2015,2016,98,16,-2.7155142527840648e-17,2.000000000000055,,True,v1,2026-07-08
SVK,Haemophilus influenzae,levofloxacin,,2,2015,2016,98,16,0.9068905956088408,-1825.3845501518147,1.0,True,v1,2026-07-08
SVK,Haemophilus influenzae,moxifloxacin,,2,2015,2016,98,16,1.9868280075283737e-16,3.0588936890531673,,True,v1,2026-07-08
SVK,Haemophilus influenzae,trimethoprim/sulfamethoxazole,,2,2015,2016,98,16,-2.7155142527840648e-17,2.000000000000055,,True,v1,2026-07-08
SVK,Streptococcus pneumoniae,ampicillin,,2,2015,2016,95,13,-5.058893689055367,10199.729677135621,-1.0,True,v1,2026-07-08
SVK,Streptococcus pneumoniae,azithromycin,,2,2015,2016,95,13,2.7155142527840648e-17,-2.000000000000055,,True,v1,2026-07-08
SVK,Streptococcus pneumoniae,cefaclor,,2,2015,2016,95,13,-2.0000000000007114,4029.000000001435,-0.9999999999999999,True,v1,2026-07-08
SVK,Streptococcus pneumoniae,ceftriaxone,,2,2015,2016,95,13,-3.0588936890546563,6167.729677134187,-1.0,True,v1,2026-07-08
SVK,Streptococcus pneumoniae,cefuroxime,,2,2015,2016,95,13,-5.058893689055369,10196.729677135621,-0.9999999999999999,True,v1,2026-07-08
SVK,Streptococcus pneumoniae,clarithromycin,,2,2015,2016,95,13,1.3577571263920324e-17,-1.0000000000000275,,True,v1,2026-07-08
SVK,Streptococcus pneumoniae,erythromycin,,2,2015,2016,95,13,0.0,0.0,,True,v1,2026-07-08
SVK,Streptococcus pneumoniae,levofloxacin,,2,2015,2016,95,13,-1.3577571263920324e-17,1.0000000000000275,,True,v1,2026-07-08
SVK,Streptococcus pneumoniae,moxifloxacin,,2,2015,2016,95,13,6.01227046420671e-17,2.058893689053448,,True,v1,2026-07-08
SVK,Streptococcus pneumoniae,penicillin,,2,2015,2016,95,13,-4.0588936890550125,8183.729677134904,-1.0,True,v1,2026-07-08
SVK,Streptococcus pneumoniae,trimethoprim/sulfamethoxazole,,2,2015,2016,95,13,-2.0588936890543015,4152.729677133471,-1.0,True,v1,2026-07-08
TUN,Haemophilus influenzae,amoxicillin,,5,2016,2021,145,10,-0.03488372093027079,71.70930232565854,-0.10783277320343847,True,v1,2026-07-08
TUN,Haemophilus influenzae,amoxicillin/clavulanate,fixed_2ug,3,2018,2021,71,10,0.17857142857141547,-358.82142857140207,0.944911182523068,True,v1,2026-07-08
TUN,Haemophilus influenzae,amoxicillin/clavulanate,standard,5,2016,2021,145,10,-0.139534883720941,282.8372093023473,-0.6469966392206303,True,v1,2026-07-08
TUN,Haemophilus influenzae,ampicillin,,5,2016,2021,145,10,-0.26573676900375526,537.3689839260848,-0.5817375180847033,True,v1,2026-07-08
TUN,Haemophilus influenzae,cefixime,,5,2016,2021,145,10,7.936897994161967e-17,2.0588936890534075,,True,v1,2026-07-08
TUN,Haemophilus influenzae,cefotaxime,,3,2018,2021,71,10,0.4376830273166543,-880.7792969496131,0.9374460418460141,True,v1,2026-07-08
TUN,Haemophilus influenzae,cefpodoxime,,5,2016,2021,145,10,-0.22093023255810743,448.38447508433734,-0.8364283610093426,True,v1,2026-07-08
TUN,Haemophilus influenzae,ceftibuten,,3,2018,2021,71,10,-7.108441697850504e-17,4.058893689053712,,True,v1,2026-07-08
TUN,Haemophilus influenzae,ceftriaxone,,5,2016,2021,145,10,0.4445455967041317,-893.2678043412003,0.9666099054013467,True,v1,2026-07-08
TUN,Haemophilus influenzae,cefuroxime,,5,2016,2021,145,10,-3.600510656959534e-18,2.0000000000000067,,True,v1,2026-07-08
TUN,Haemophilus influenzae,levofloxacin,,5,2016,2021,145,10,0.22093023255810754,-444.32558139528413,0.8364283610093426,True,v1,2026-07-08
TUN,Haemophilus influenzae,moxifloxacin,,5,2016,2021,145,10,0.08139534883716641,-161.42947840388302,0.3774147062120345,True,v1,2026-07-08
TUN,Haemophilus influenzae,tetracycline,,3,2018,2021,71,10,1.8129548560249314e-16,2.999999999999633,,True,v1,2026-07-08
TUN,Haemophilus influenzae,trimethoprim/sulfamethoxazole,,5,2016,2021,145,10,0.6874300010698283,-1384.7733779459086,0.7548821405302306,True,v1,2026-07-08
TUN,Streptococcus pneumoniae,ampicillin,,3,2015,2017,79,10,0.25000000000017264,-504.50000000034817,0.5,True,v1,2026-07-08
TUN,Streptococcus pneumoniae,azithromycin,,6,2015,2021,137,10,1.1103454531532035,-2243.81558460613,0.7184998625070066,True,v1,2026-07-08
TUN,Streptococcus pneumoniae,cefaclor,,6,2015,2021,137,10,0.6211180124222678,-1257.6459627327322,0.7728058346689827,True,v1,2026-07-08
TUN,Streptococcus pneumoniae,cefotaxime,,3,2018,2021,58,11,-1.8067477460904289,3652.7144957503206,-0.944911182523068,True,v1,2026-07-08
TUN,Streptococcus pneumoniae,cefpodoxime,,6,2015,2021,137,10,0.2239682837829189,-452.92085301179094,0.3300505397146427,True,v1,2026-07-08
TUN,Streptococcus pneumoniae,ceftriaxone,,6,2015,2021,137,10,0.09353350117423592,-186.22520083790343,0.12145046661155853,True,v1,2026-07-08
TUN,Streptococcus pneumoniae,cefuroxime,,6,2015,2021,137,10,0.32645275583260275,-659.4674368627111,0.2562346195072583,True,v1,2026-07-08
TUN,Streptococcus pneumoniae,clarithromycin,,6,2015,2021,137,10,1.2283578755134332,-2480.778317525346,0.7858401470264602,True,v1,2026-07-08
TUN,Streptococcus pneumoniae,doxycycline,,3,2018,2021,58,11,-0.35714285714283117,725.7017508318582,-0.944911182523068,True,v1,2026-07-08
TUN,Streptococcus pneumoniae,erythromycin,,6,2015,2021,137,10,1.0451280618488619,-2111.4677585191853,0.687634587152253,True,v1,2026-07-08
TUN,Streptococcus pneumoniae,levofloxacin,,6,2015,2021,137,10,1.2968669909014095e-17,0.9999999999999739,,True,v1,2026-07-08
TUN,Streptococcus pneumoniae,moxifloxacin,,6,2015,2021,137,10,0.05900621118011495,-116.92247277055502,0.6696620080077293,True,v1,2026-07-08
TUN,Streptococcus pneumoniae,penicillin,,6,2015,2021,137,10,0.14632853223012426,-293.8401076701767,0.24572556640146387,True,v1,2026-07-08
TUN,Streptococcus pneumoniae,tetracycline,,3,2018,2021,58,11,-0.3781763175191044,767.1430671791026,-0.9449111825230682,True,v1,2026-07-08
TUN,Streptococcus pneumoniae,trimethoprim/sulfamethoxazole,,6,2015,2021,137,10,-0.130434782608683,265.6956521738874,-0.5516772843673704,True,v1,2026-07-08
TUR,Haemophilus influenzae,amoxicillin,,6,2016,2021,554,10,-0.014285714285703834,30.58571428569319,-0.06388765649999399,True,v1,2026-07-08
TUR,Haemophilus influenzae,amoxicillin/clavulanate,fixed_2ug,4,2018,2021,315,10,0.10000000000007275,-200.2000000001469,0.2581988897471611,True,v1,2026-07-08
TUR,Haemophilus influenzae,amoxicillin/clavulanate,standard,6,2016,2021,554,10,-0.14285714285714365,289.8571428571445,-0.48795003647426655,True,v1,2026-07-08
TUR,Haemophilus influenzae,ampicillin,,6,2016,2021,554,10,-0.185714285714283,376.280952380947,-0.43373512603284853,True,v1,2026-07-08
TUR,Haemophilus influenzae,cefixime,,6,2016,2021,554,10,5.573793794791278e-17,2.058893689053456,0.0,True,v1,2026-07-08
TUR,Haemophilus influenzae,cefotaxime,,4,2018,2021,315,10,-0.1499999999998735,307.06233898660236,-0.15345837426805847,True,v1,2026-07-08
TUR,Haemophilus influenzae,cefpodoxime,,6,2016,2021,554,10,-0.14285714285713658,290.7493698795172,-0.6546536707079776,True,v1,2026-07-08
TUR,Haemophilus influenzae,ceftibuten,,4,2018,2021,315,10,3.198406985571066e-17,4.058893689053502,,True,v1,2026-07-08
TUR,Haemophilus influenzae,ceftriaxone,,6,2016,2021,554,10,0.40728927899626305,-817.7832555678311,0.7367391652351494,True,v1,2026-07-08
TUR,Haemophilus influenzae,cefuroxime,,6,2016,2021,554,10,0.057142857142893036,-113.67619047626297,0.20701966780270625,True,v1,2026-07-08
TUR,Haemophilus influenzae,levofloxacin,,6,2016,2021,554,10,2.7391044506972497e-17,1.9999999999999452,,True,v1,2026-07-08
TUR,Haemophilus influenzae,moxifloxacin,,6,2016,2021,554,10,1.1420797099031045e-16,3.0588936890533382,0.0,True,v1,2026-07-08
TUR,Haemophilus influenzae,tetracycline,,4,2018,2021,315,10,-9.46887499934185e-19,3.000000000000001,,True,v1,2026-07-08
TUR,Haemophilus influenzae,trimethoprim/sulfamethoxazole,,6,2016,2021,554,10,0.2714456101987407,-545.2119428675437,0.8020671872841122,True,v1,2026-07-08
TUR,Streptococcus pneumoniae,ampicillin,,3,2015,2017,179,16,0.5000000000003452,-1007.0000000006961,0.5,True,v1,2026-07-08
TUR,Streptococcus pneumoniae,azithromycin,,7,2015,2021,321,6,-0.18172644762790688,366.5349257512819,-0.17826650848242015,True,v1,2026-07-08
TUR,Streptococcus pneumoniae,cefaclor,,7,2015,2021,321,6,0.42857142857144515,-868.0000000000333,0.7620007620011431,True,v1,2026-07-08
TUR,Streptococcus pneumoniae,cefotaxime,,4,2018,2021,142,6,1.123557475621647,-2266.244875173389,0.771413934280574,True,v1,2026-07-08
TUR,Streptococcus pneumoniae,cefpodoxime,,7,2015,2021,321,6,0.42857142857141806,-865.7142857142643,0.6729265849104532,True,v1,2026-07-08
TUR,Streptococcus pneumoniae,ceftriaxone,,7,2015,2021,321,6,0.20484195557907167,-410.7870177109123,0.42710971285737176,True,v1,2026-07-08
TUR,Streptococcus pneumoniae,cefuroxime,,7,2015,2021,321,6,0.3035714285714153,-612.5357142856875,0.47968275078563527,True,v1,2026-07-08
TUR,Streptococcus pneumoniae,clarithromycin,,7,2015,2021,321,6,-0.1638693047707636,331.7134971798525,-0.14818604974879426,True,v1,2026-07-08
TUR,Streptococcus pneumoniae,doxycycline,,4,2018,2021,142,6,0.20294468445288966,-406.04525827468876,0.1670096282694952,True,v1,2026-07-08
TUR,Streptococcus pneumoniae,erythromycin,,7,2015,2021,321,6,-0.1817264476279093,367.17778289414383,-0.16031240313056444,True,v1,2026-07-08
TUR,Streptococcus pneumoniae,levofloxacin,,7,2015,2021,321,6,5.238576003110741e-16,1.071428571427514,0.0,True,v1,2026-07-08
TUR,Streptococcus pneumoniae,moxifloxacin,,7,2015,2021,321,6,0.01785714285714618,-33.83396345381028,0.15811388300841903,True,v1,2026-07-08
TUR,Streptococcus pneumoniae,penicillin,,7,2015,2021,321,6,0.21744073334214944,-436.57690747809653,0.4199944534875236,True,v1,2026-07-08
TUR,Streptococcus pneumoniae,tetracycline,,4,2018,2021,142,6,0.041165946642124265,-80.50226753263827,0.047599868578505754,True,v1,2026-07-08
TUR,Streptococcus pneumoniae,trimethoprim/sulfamethoxazole,,7,2015,2021,321,6,0.23214285714285418,-468.17857142856536,0.3291402943021918,True,v1,2026-07-08
UKR,Haemophilus influenzae,amoxicillin,,8,2014,2021,271,1,0.39880952380946977,-802.7857142856046,0.7803898228929836,True,v1,2026-07-08
UKR,Haemophilus influenzae,amoxicillin/clavulanate,fixed_2ug,4,2018,2021,76,1,-0.3000000000000322,608.600000000065,-0.7745966692414834,True,v1,2026-07-08
UKR,Haemophilus influenzae,amoxicillin/clavulanate,standard,8,2014,2021,271,1,0.19047619047618083,-382.0357142856946,0.659828879073858,True,v1,2026-07-08
UKR,Haemophilus influenzae,ampicillin,,8,2014,2021,271,1,0.16492097778954318,-330.3861258458764,0.48786304632904254,True,v1,2026-07-08
UKR,Haemophilus influenzae,cefixime,,6,2016,2021,175,1,-0.02857142857143551,59.896988927162816,-0.13093073414159542,True,v1,2026-07-08
UKR,Haemophilus influenzae,cefotaxime,,4,2018,2021,76,1,-2.4065865954854012e-16,3.965784284662572,,True,v1,2026-07-08
UKR,Haemophilus influenzae,cefpodoxime,,6,2016,2021,175,1,-0.3142857142857089,637.2779413080905,-0.781078762746399,True,v1,2026-07-08
UKR,Haemophilus influenzae,ceftibuten,,4,2018,2021,76,1,-0.299999999999973,610.1588936889991,-0.7745966692414834,True,v1,2026-07-08
UKR,Haemophilus influenzae,ceftriaxone,,8,2014,2021,271,1,0.5179791610681971,-1041.1356184682293,0.8427019250895356,True,v1,2026-07-08
UKR,Haemophilus influenzae,cefuroxime,,8,2014,2021,271,1,0.22619047619047064,-454.71428571427435,0.7446687115861395,True,v1,2026-07-08
UKR,Haemophilus influenzae,levofloxacin,,8,2014,2021,271,1,8.257085622413068e-17,1.999999999999833,,True,v1,2026-07-08
UKR,Haemophilus influenzae,moxifloxacin,,8,2014,2021,271,1,-0.08333333333331121,171.0588936890088,-0.5773502691896258,True,v1,2026-07-08
UKR,Haemophilus influenzae,tetracycline,,4,2018,2021,76,1,-0.2999999999999729,608.0999999999453,-0.7745966692414834,True,v1,2026-07-08
UKR,Haemophilus influenzae,trimethoprim/sulfamethoxazole,,8,2014,2021,271,1,0.2002918053183878,-402.0592703853204,0.22735604836265544,True,v1,2026-07-08
UKR,Streptococcus pneumoniae,ampicillin,,4,2014,2017,178,9,-0.14999999999995003,308.2588936889528,-0.7745966692414834,True,v1,2026-07-08
UKR,Streptococcus pneumoniae,azithromycin,,7,2014,2021,242,4,0.21746575342468288,-436.0198734342854,0.9148298514582572,True,v1,2026-07-08
UKR,Streptococcus pneumoniae,cefaclor,,7,2014,2021,242,4,0.18493150684933618,-373.657534246618,0.9122454608393061,True,v1,2026-07-08
UKR,Streptococcus pneumoniae,cefotaxime,,3,2019,2021,64,4,0.4999999999999136,-1003.6077729774385,0.8660254037844387,True,v1,2026-07-08
UKR,Streptococcus pneumoniae,cefpodoxime,,5,2016,2021,142,4,-0.023255813953495404,50.80307973557939,-0.17609018126512482,True,v1,2026-07-08
UKR,Streptococcus pneumoniae,ceftriaxone,,7,2014,2021,242,4,0.03595890410959361,-66.48562685890087,0.32844590472217366,True,v1,2026-07-08
UKR,Streptococcus pneumoniae,cefuroxime,,7,2014,2021,242,4,0.31678082191784124,-635.0952159000543,0.8959914693117211,True,v1,2026-07-08
UKR,Streptococcus pneumoniae,clarithromycin,,7,2014,2021,242,4,-0.05479452054794242,115.03149642877402,-0.2702949513597945,True,v1,2026-07-08
UKR,Streptococcus pneumoniae,doxycycline,,3,2019,2021,64,4,0.5147234222634655,-1035.3589015646553,0.660031255322944,True,v1,2026-07-08
UKR,Streptococcus pneumoniae,erythromycin,,7,2014,2021,242,4,0.0428082191780887,-82.23220220137053,0.5972731032093707,True,v1,2026-07-08
UKR,Streptococcus pneumoniae,levofloxacin,,7,2014,2021,242,4,0.04280821917808883,-85.29109589042437,0.5972731032093709,True,v1,2026-07-08
UKR,Streptococcus pneumoniae,moxifloxacin,,7,2014,2021,242,4,0.08561643835617759,-170.52329809179503,0.5972731032093707,True,v1,2026-07-08
UKR,Streptococcus pneumoniae,penicillin,,7,2014,2021,242,4,0.265410958904138,-529.7459008315518,0.8212215873782278,True,v1,2026-07-08
UKR,Streptococcus pneumoniae,tetracycline,,3,2019,2021,64,4,1.2647234222633832,-2552.231497357191,0.9480206191109981,True,v1,2026-07-08
UKR,Streptococcus pneumoniae,trimethoprim/sulfamethoxazole,,7,2014,2021,242,4,-0.10788079696547208,219.4359297764929,-0.17876147944210946,True,v1,2026-07-08
VNM,Haemophilus influenzae,amoxicillin,,5,2016,2021,280,15,0.6046511627905686,-1223.6279069764832,0.763057452148874,True,v1,2026-07-08
VNM,Haemophilus influenzae,amoxicillin/clavulanate,fixed_2ug,2,2020,2021,191,76,-4.8217883730901625e-17,-0.9999999999999025,,False,v1,2026-07-08
VNM,Haemophilus influenzae,amoxicillin/clavulanate,standard,5,2016,2021,280,15,-0.4651162790696883,938.7906976742587,-0.9644856443408243,True,v1,2026-07-08
VNM,Haemophilus influenzae,ampicillin,,5,2016,2021,280,15,0.7325581395347428,-1483.395348836924,0.924473451641905,True,v1,2026-07-08
VNM,Haemophilus influenzae,cefixime,,5,2016,2021,280,15,-0.383720930232522,771.3023255813221,-0.9510441892119877,True,v1,2026-07-08
VNM,Haemophilus influenzae,cefotaxime,,2,2020,2021,191,76,-9.643576746180325e-17,-1.999999999999805,,False,v1,2026-07-08
VNM,Haemophilus influenzae,cefpodoxime,,5,2016,2021,280,15,-0.41860465116268086,842.5116279067547,-0.7613188819880645,True,v1,2026-07-08
VNM,Haemophilus influenzae,ceftibuten,,2,2020,2021,191,76,-9.643576746180325e-17,-1.999999999999805,,False,v1,2026-07-08
VNM,Haemophilus influenzae,ceftriaxone,,5,2016,2021,280,15,-0.2585670636060542,521.5270973958917,-0.9244734516419052,True,v1,2026-07-08
VNM,Haemophilus influenzae,cefuroxime,,5,2016,2021,280,15,-0.034883720930301114,69.20930232571976,-0.08645856265563531,True,v1,2026-07-08
VNM,Haemophilus influenzae,levofloxacin,,5,2016,2021,280,15,1.8748461333733082,-3786.2247718141157,0.980040888187076,True,v1,2026-07-08
VNM,Haemophilus influenzae,moxifloxacin,,5,2016,2021,280,15,1.40972985430362,-2846.375180450804,0.964945277262348,True,v1,2026-07-08
VNM,Haemophilus influenzae,tetracycline,,2,2020,2021,191,76,1.4460813083437992e-16,2.9999999999997082,,False,v1,2026-07-08
VNM,Haemophilus influenzae,trimethoprim/sulfamethoxazole,,5,2016,2021,280,15,0.24418604651158077,-496.46511627897434,0.9244734516419052,True,v1,2026-07-08
VNM,Streptococcus pneumoniae,ampicillin,,3,2016,2018,161,18,-9.912170526364638e-17,-0.9999999999998,,True,v1,2026-07-08
VNM,Streptococcus pneumoniae,azithromycin,,5,2016,2021,305,18,0.24418604651158088,-498.46511627897456,0.9244734516419052,True,v1,2026-07-08
VNM,Streptococcus pneumoniae,cefaclor,,5,2016,2021,305,18,0.7325581395347428,-1483.395348836924,0.924473451641905,True,v1,2026-07-08
VNM,Streptococcus pneumoniae,cefotaxime,,2,2020,2021,144,61,4.8217883730901625e-17,0.9999999999999025,,False,v1,2026-07-08
VNM,Streptococcus pneumoniae,cefpodoxime,,5,2016,2021,305,18,0.5116279069766353,-1036.0697674416404,0.7907736701585483,True,v1,2026-07-08
VNM,Streptococcus pneumoniae,ceftriaxone,,5,2016,2021,305,18,0.046511627907007594,-93.2790697675041,0.17609018126512482,True,v1,2026-07-08
VNM,Streptococcus pneumoniae,cefuroxime,,5,2016,2021,305,18,0.02325581395347333,-49.13953488369055,0.10783277320343843,True,v1,2026-07-08
VNM,Streptococcus pneumoniae,clarithromycin,,5,2016,2021,305,18,7.872194045401307e-18,-5.000000000000015,,True,v1,2026-07-08
VNM,Streptococcus pneumoniae,doxycycline,,2,2020,2021,144,61,-4.8217883730901625e-17,-0.9999999999999025,,False,v1,2026-07-08
VNM,Streptococcus pneumoniae,erythromycin,,5,2016,2021,305,18,7.872194045401307e-18,-5.000000000000015,,True,v1,2026-07-08
VNM,Streptococcus pneumoniae,levofloxacin,,5,2016,2021,305,18,-1.800255328479767e-18,1.0000000000000033,,True,v1,2026-07-08
VNM,Streptococcus pneumoniae,moxifloxacin,,5,2016,2021,305,18,4.6545446123427064e-17,2.0588936890534737,,True,v1,2026-07-08
VNM,Streptococcus pneumoniae,penicillin,,5,2016,2021,305,18,0.0,0.0,,True,v1,2026-07-08
VNM,Streptococcus pneumoniae,tetracycline,,2,2020,2021,144,61,-4.8217883730901625e-17,-0.9999999999999025,,False,v1,2026-07-08
VNM,Streptococcus pneumoniae,trimethoprim/sulfamethoxazole,,5,2016,2021,305,18,0.16279069767441445,-329.976744186038,0.6163156344279367,True,v1,2026-07-08
