pathogen_type,iso3_country,parsed_year,n_isolates_in_stratum,n_tested,n_event,burden_point_estimate,burden_midpoint_weighted,tier1_bound_lower_pooled,tier1_bound_upper_pooled,mean_evolutionary_fitness_slope,n_fitness_cells,mean_median_distance_to_failure,n_distance_cells,life_expectancy,health_expenditure_pct_gdp,hib3_coverage_pct,hib3_coverage_source,pcvc_coverage_pct,pcvc_coverage_source,antimicrobial_consumption_ddd,consumption_data_gap,consumption_data_available,sdi_included,gbd_lri_included,version,date_added
fungal,ARG,2010,19,77.0,10.0,0.12987012987012986,0.12987012987012986,0.8701298701298701,0.8701298701298701,-0.10098015103121392,18.0,0.6078494336330126,18.0,75.68,9.4852438,,,,,,no_numeric_esac_net_series_locally,False,False,False,v1,2026-07-08
fungal,ARG,2011,20,84.0,1.0,0.011904761904761904,0.011904761904761902,0.9880952380952381,0.9880952380952381,,22.0,1.2907115431850074,28.0,76.1,9.51042366,,,,,,no_numeric_esac_net_series_locally,False,False,False,v1,2026-07-08
fungal,ARG,2012,20,80.0,4.0,0.05,0.05,0.95,0.95,,16.0,0.6456498420546469,19.0,75.802,9.8851881,,,,,,no_numeric_esac_net_series_locally,False,False,False,v1,2026-07-08
fungal,ARG,2013,16,66.0,2.0,0.030303030303030304,0.030303030303030304,0.9696969696969697,0.9696969696969697,,27.0,0.6114145777927487,30.0,75.829,9.92091465,,,,,,no_numeric_esac_net_series_locally,False,False,False,v1,2026-07-08
fungal,ARG,2015,6,15.0,0.0,0.0,0.17391304347826086,0.6521739130434783,1.0,0.06796152100874797,12.0,0.7536808555658481,12.0,76.6,10.27364159,,,,,,no_numeric_esac_net_series_locally,False,False,False,v1,2026-07-08
fungal,ARG,2016,18,41.0,1.0,0.024390243902439025,0.1694915254237288,0.6779661016949152,0.9830508474576272,0.052406684545373464,14.0,1.2745248381305265,14.0,76.105,10.05355549,,,,,,no_numeric_esac_net_series_locally,False,False,False,v1,2026-07-08
fungal,ARG,2017,40,121.0,9.0,0.0743801652892562,0.14965986394557823,0.7619047619047619,0.9387755102040817,0.03128131334307807,17.0,1.1128329340794787,17.0,76.543,10.26057911,,,,,,no_numeric_esac_net_series_locally,False,False,False,v1,2026-07-08
fungal,ARG,2018,39,118.0,3.0,0.025423728813559324,0.09420289855072464,0.8333333333333334,0.9782608695652174,0.030797718902210815,20.0,1.6095061841629645,20.0,76.77,10.17289257,,,,,,no_numeric_esac_net_series_locally,False,False,False,v1,2026-07-08
fungal,ARG,2019,36,110.0,2.0,0.01818181818181818,0.08267716535433071,0.8503937007874016,0.984251968503937,0.034105479573209564,17.0,1.504743177816007,17.0,76.847,10.11911297,,,,,,no_numeric_esac_net_series_locally,False,False,False,v1,2026-07-08
fungal,ARG,2020,37,117.0,2.0,0.017094017094017096,0.09352517985611511,0.8273381294964028,0.9856115107913669,0.053038444451802724,16.0,1.4461344853728564,16.0,75.878,10.67246342,,,,,,no_numeric_esac_net_series_locally,False,False,False,v1,2026-07-08
fungal,ARG,2021,40,121.0,1.0,0.008264462809917356,0.07194244604316546,0.8633093525179856,0.9928057553956835,0.03182101844159114,22.0,1.9952312889210215,22.0,73.948,11.00910187,,,,,,no_numeric_esac_net_series_locally,False,False,False,v1,2026-07-08
fungal,ARG,2022,40,129.0,2.0,0.015503875968992248,0.050359712230215826,0.9136690647482014,0.9856115107913669,0.051981904885391735,19.0,1.6007935072246582,19.0,75.806,10.15950489,,,,,,no_numeric_esac_net_series_locally,False,False,False,v1,2026-07-08
fungal,ARG,2023,28,87.0,2.0,0.022988505747126436,0.06770833333333333,0.8854166666666666,0.9791666666666666,0.037036152816024466,14.0,0.8509881876726186,14.0,77.395,10.2695179,,,,,,no_numeric_esac_net_series_locally,False,False,False,v1,2026-07-08
fungal,ARG,2024,23,71.0,3.0,0.04225352112676056,0.10843373493975904,0.8192771084337349,0.963855421686747,0.05185586614964906,16.0,1.7521793138304755,16.0,77.543,,,,,,,no_numeric_esac_net_series_locally,False,False,False,v1,2026-07-08
fungal,AUS,2011,90,372.0,10.0,0.026881720430107527,0.026881720430107538,0.9731182795698925,0.9731182795698925,,44.0,0.8067747374829148,45.0,81.89512195121951,8.53425312,,,,,,no_numeric_esac_net_series_locally,False,False,False,v1,2026-07-08
fungal,AUS,2012,78,334.0,13.0,0.038922155688622756,0.038922155688622756,0.9610778443113772,0.9610778443113772,0.018815607622013977,43.0,0.5766732055033104,43.0,82.04634146341463,8.67020702,,,,,,no_numeric_esac_net_series_locally,False,False,False,v1,2026-07-08
fungal,AUS,2013,72,312.0,13.0,0.041666666666666664,0.04166666666666667,0.9583333333333334,0.9583333333333334,,44.0,0.5640139834408311,45.0,82.14878048780488,8.7465601,,,,,,no_numeric_esac_net_series_locally,False,False,False,v1,2026-07-08
fungal,AUS,2014,71,170.0,6.0,0.03529411764705882,0.10101010101010101,0.8282828282828283,0.9696969696969697,0.030208490274227447,23.0,0.7797953148869959,23.0,82.3,9.82833862,,,,,,no_numeric_esac_net_series_locally,False,False,False,v1,2026-07-08
fungal,AUS,2015,91,223.0,1.0,0.004484304932735426,0.05622489959839357,0.891566265060241,0.9959839357429718,0.013364885942878758,23.0,1.2386408814920855,23.0,82.4,10.13642025,,,,,,no_numeric_esac_net_series_locally,False,False,False,v1,2026-07-08
fungal,AUS,2016,77,174.0,2.0,0.011494252873563218,0.09523809523809523,0.819047619047619,0.9904761904761905,0.03514735493085893,29.0,1.0730090639493586,29.0,82.4487804878049,10.08958244,,,,,,no_numeric_esac_net_series_locally,False,False,False,v1,2026-07-08
fungal,AUS,2017,91,285.0,7.0,0.02456140350877193,0.054276315789473686,0.9144736842105263,0.9769736842105263,0.012284349736308913,38.0,1.2583466516030177,38.0,82.5,10.10880566,,,,,,no_numeric_esac_net_series_locally,False,False,False,v1,2026-07-08
fungal,AUS,2018,86,260.0,7.0,0.026923076923076925,0.06842105263157895,0.887719298245614,0.9754385964912281,0.01649125653548587,30.0,1.4785731067626509,30.0,82.7487804878049,10.08907509,,,,,,no_numeric_esac_net_series_locally,False,False,False,v1,2026-07-08
fungal,AUS,2019,86,281.0,3.0,0.010676156583629894,0.06624605678233439,0.8769716088328076,0.9905362776025236,0.029590222044769573,39.0,1.2342237431780774,39.0,82.9,10.25421429,,,,,,no_numeric_esac_net_series_locally,False,False,False,v1,2026-07-08
fungal,AUS,2020,97,316.0,4.0,0.012658227848101266,0.05873925501432665,0.8939828080229226,0.9885386819484241,0.035052010422817304,37.0,1.0181489481755945,37.0,83.2,10.70324135,,,,,,no_numeric_esac_net_series_locally,False,False,False,v1,2026-07-08
fungal,AUS,2021,129,409.0,2.0,0.004889975550122249,0.05,0.9044444444444445,0.9955555555555555,0.0372569877280778,38.0,1.32627398975941,38.0,83.3,10.51612186,,,,,,no_numeric_esac_net_series_locally,False,False,False,v1,2026-07-08
fungal,AUS,2022,124,401.0,4.0,0.00997506234413965,0.05239179954441914,0.9043280182232346,0.9908883826879271,0.033630164586722196,39.0,1.4984173293131002,39.0,83.2,9.89226055,,,,,,no_numeric_esac_net_series_locally,False,False,False,v1,2026-07-08
fungal,AUS,2023,84,267.0,12.0,0.0449438202247191,0.09090909090909091,0.8585858585858586,0.9595959595959596,0.020857917202629507,43.0,0.9255236334963469,43.0,83.05121951219513,10.39852047,,,,,,no_numeric_esac_net_series_locally,False,False,False,v1,2026-07-08
fungal,AUS,2024,83,246.0,13.0,0.052845528455284556,0.08955223880597014,0.8694029850746269,0.9514925373134329,0.016600963538546634,35.0,1.02765688012216,35.0,83.05121951219513,,,,,,,no_numeric_esac_net_series_locally,False,False,False,v1,2026-07-08
fungal,BEL,2010,18,85.0,16.0,0.18823529411764706,0.18823529411764706,0.8117647058823529,0.8117647058823529,,18.0,-0.23835638147805063,24.0,80.1829268292683,10.41325188,,,,,,no_numeric_esac_net_series_locally,False,False,False,v1,2026-07-08
fungal,BEL,2011,15,62.0,3.0,0.04838709677419355,0.04838709677419355,0.9516129032258065,0.9516129032258065,-0.05093100334042339,18.0,0.677396283348772,18.0,80.58536585365854,10.41302204,,,,,,no_numeric_esac_net_series_locally,False,False,False,v1,2026-07-08
fungal,BEL,2012,36,152.0,8.0,0.05263157894736842,0.05263157894736842,0.9473684210526315,0.9473684210526315,,29.0,0.6906264562785938,31.0,80.38536585365854,10.5865345,,,,,,no_numeric_esac_net_series_locally,False,False,False,v1,2026-07-08
fungal,BEL,2013,37,154.0,7.0,0.045454545454545456,0.045454545454545456,0.9545454545454546,0.9545454545454546,,25.0,0.6061115060613694,32.0,80.58780487804879,10.63787556,,,,,,no_numeric_esac_net_series_locally,False,False,False,v1,2026-07-08
fungal,BEL,2014,40,87.0,1.0,0.011494252873563218,0.09523809523809523,0.819047619047619,0.9904761904761905,0.07679773893069793,12.0,0.694622004736892,12.0,81.28780487804877,10.62032604,,,,,,no_numeric_esac_net_series_locally,False,False,False,v1,2026-07-08
fungal,BEL,2015,40,91.0,1.0,0.01098901098901099,0.0990990990990991,0.8108108108108109,0.990990990990991,0.08691654503736564,13.0,1.1245098218131064,13.0,80.99268292682929,10.88387299,,,,,,no_numeric_esac_net_series_locally,False,False,False,v1,2026-07-08
fungal,BEL,2016,35,76.0,1.0,0.013157894736842105,0.13,0.75,0.99,0.07669464608789532,13.0,1.200576272043244,13.0,81.4390243902439,10.89833736,,,,,,no_numeric_esac_net_series_locally,False,False,False,v1,2026-07-08
fungal,BEL,2017,25,75.0,1.0,0.013333333333333334,0.07058823529411763,0.8705882352941177,0.9882352941176471,0.07389612297835527,22.0,1.4515677160392564,22.0,81.49268292682927,10.94042683,,,,,,no_numeric_esac_net_series_locally,False,False,False,v1,2026-07-08
fungal,BEL,2018,39,114.0,4.0,0.03508771929824561,0.08914728682170543,0.8527131782945736,0.9689922480620154,0.05047640158391456,23.0,1.2918436479037925,23.0,81.59512195121953,10.9937973,,,,,,no_numeric_esac_net_series_locally,False,False,False,v1,2026-07-08
fungal,BEL,2019,47,148.0,3.0,0.02027027027027027,0.03896103896103896,0.9415584415584416,0.9805194805194806,0.053815365339590845,24.0,1.0057872411208708,24.0,81.99512195121952,10.85831451,,,,,,no_numeric_esac_net_series_locally,False,False,False,v1,2026-07-08
fungal,BEL,2020,38,113.0,1.0,0.008849557522123894,0.0375,0.9333333333333333,0.9916666666666667,,24.0,1.599731390294503,26.0,80.69512195121952,11.46253014,,,,,,no_numeric_esac_net_series_locally,False,False,False,v1,2026-07-08
fungal,BEL,2021,36,113.0,2.0,0.017699115044247787,0.06746031746031746,0.8809523809523809,0.9841269841269841,0.06351051897127527,30.0,1.6428666088405612,30.0,81.79024390243904,11.28825092,,,,,,no_numeric_esac_net_series_locally,False,False,False,v1,2026-07-08
fungal,BEL,2022,37,118.0,9.0,0.07627118644067797,0.0967741935483871,0.8790322580645161,0.9274193548387096,0.053628279926333754,27.0,1.030640665440104,27.0,81.7487804878049,10.73976326,,,,,,no_numeric_esac_net_series_locally,False,False,False,v1,2026-07-08
fungal,BEL,2023,24,81.0,5.0,0.06172839506172839,0.11413043478260869,0.8260869565217391,0.9456521739130435,0.06687473230571504,19.0,1.0864783057958924,19.0,82.4,10.80371571,,,,,,no_numeric_esac_net_series_locally,False,False,False,v1,2026-07-08
fungal,BEL,2024,20,68.0,2.0,0.029411764705882353,0.1144578313253012,0.7951807228915663,0.9759036144578314,0.07954891843784713,29.0,1.1268262072428101,29.0,82.3,,,,,,,no_numeric_esac_net_series_locally,False,False,False,v1,2026-07-08
fungal,BRA,2010,120,507.0,34.0,0.0670611439842209,0.0670611439842209,0.9329388560157791,0.9329388560157791,0.040960677951803,42.0,1.002604072229645,42.0,73.779,7.94516611,,,,,,no_numeric_esac_net_series_locally,False,False,False,v1,2026-07-08
fungal,BRA,2011,99,412.0,19.0,0.04611650485436893,0.04611650485436891,0.9538834951456311,0.9538834951456311,0.043918183896174634,42.0,1.0299777458324844,42.0,74.047,7.78819132,,,,,,no_numeric_esac_net_series_locally,False,False,False,v1,2026-07-08
fungal,BRA,2012,51,215.0,2.0,0.009302325581395349,0.009302325581395349,0.9906976744186047,0.9906976744186047,,30.0,1.246541604081574,32.0,74.335,7.73637724,,,,,,no_numeric_esac_net_series_locally,False,False,False,v1,2026-07-08
fungal,BRA,2013,38,166.0,2.0,0.012048192771084338,0.01452870304748408,0.982636428065202,0.9883061658398299,0.018967076436161547,35.0,0.9231970102280457,35.0,74.609,7.9766016,,,,,,no_numeric_esac_net_series_locally,False,False,False,v1,2026-07-08
fungal,BRA,2014,32,100.0,1.0,0.01,0.05454545454545454,0.9,0.990909090909091,0.02169735684198036,18.0,1.5089008654600733,18.0,74.823,8.39644146,,,,,,no_numeric_esac_net_series_locally,False,False,False,v1,2026-07-08
fungal,BRA,2015,37,95.0,0.0,0.0,0.10743801652892562,0.7851239669421488,1.0,0.02998140244843147,18.0,1.3685610213471204,18.0,75.106,8.90929985,,,,,,no_numeric_esac_net_series_locally,False,False,False,v1,2026-07-08
fungal,BRA,2016,28,77.0,3.0,0.03896103896103896,0.10989010989010989,0.8131868131868132,0.967032967032967,0.023983742066027238,20.0,1.2661957644897313,20.0,75.081,9.16901684,,,,,,no_numeric_esac_net_series_locally,False,False,False,v1,2026-07-08
fungal,BRA,2017,20,65.0,2.0,0.03076923076923077,0.08783783783783784,0.8513513513513513,0.972972972972973,0.026053332313923018,30.0,1.403121409167279,30.0,75.383,9.47125053,,,,,,no_numeric_esac_net_series_locally,False,False,False,v1,2026-07-08
fungal,BRA,2018,35,116.0,2.0,0.017241379310344827,0.05555555555555555,0.9047619047619048,0.9841269841269841,0.017080623535681287,26.0,1.4081319635155034,26.0,75.633,9.46475029,,,,,,no_numeric_esac_net_series_locally,False,False,False,v1,2026-07-08
fungal,BRA,2019,28,89.0,1.0,0.011235955056179775,0.06060606060606061,0.8888888888888888,0.98989898989899,0.00846165271437236,28.0,1.4117837074520079,28.0,75.809,9.61449146,,,,,,no_numeric_esac_net_series_locally,False,False,False,v1,2026-07-08
fungal,BRA,2020,30,97.0,0.0,0.0,0.05504587155963303,0.8899082568807339,1.0,0.023433052991009624,31.0,1.4000113591801016,31.0,74.506,9.62326527,,,,,,no_numeric_esac_net_series_locally,False,False,False,v1,2026-07-08
fungal,BRA,2021,28,92.0,0.0,0.0,0.049019607843137254,0.9019607843137255,1.0,,34.0,1.6931625512384019,39.0,73.038,9.63646507,,,,,,no_numeric_esac_net_series_locally,False,False,False,v1,2026-07-08
fungal,BRA,2022,29,94.0,0.0,0.0,0.043689320388349516,0.912621359223301,1.0,-0.006994722693232798,28.0,1.7729685387308913,28.0,74.872,9.38739491,,,,,,no_numeric_esac_net_series_locally,False,False,False,v1,2026-07-08
fungal,BRA,2023,23,69.0,1.0,0.014492753623188406,0.05333333333333334,0.9066666666666666,0.9866666666666667,-0.0029692806553916623,31.0,1.077413228102678,31.0,75.848,9.73092747,,,,,,no_numeric_esac_net_series_locally,False,False,False,v1,2026-07-08
fungal,BRA,2024,19,61.0,0.0,0.0,0.057971014492753624,0.8840579710144928,1.0,0.02778819535865508,27.0,1.2523515336721012,27.0,76.023,,,,,,,no_numeric_esac_net_series_locally,False,False,False,v1,2026-07-08
fungal,CAN,2010,31,122.0,3.0,0.02459016393442623,0.02459016393442624,0.9754098360655737,0.9754098360655737,,32.0,1.1680095417112852,33.0,81.32219512195122,10.70066547,,,,,,no_numeric_esac_net_series_locally,False,False,False,v1,2026-07-08
fungal,CAN,2011,70,292.0,9.0,0.030821917808219176,0.030821917808219173,0.9691780821917808,0.9691780821917808,0.04504802659712046,33.0,0.7857457631619573,33.0,81.48268292682928,10.40518665,,,,,,no_numeric_esac_net_series_locally,False,False,False,v1,2026-07-08
fungal,CAN,2012,48,192.0,6.0,0.03125,0.03124999999999999,0.96875,0.96875,,32.0,0.5074949853327155,40.0,81.66365853658537,10.5407114,,,,,,no_numeric_esac_net_series_locally,False,False,False,v1,2026-07-08
fungal,CAN,2013,68,248.0,3.0,0.012096774193548387,0.012096774193548387,0.9879032258064516,0.9879032258064516,0.0258915922636742,34.0,0.5590215617442051,34.0,81.74487804878049,10.43559265,,,,,,no_numeric_esac_net_series_locally,False,False,False,v1,2026-07-08
fungal,CAN,2014,73,180.0,2.0,0.011111111111111112,0.06435643564356436,0.8811881188118812,0.9900990099009901,0.04221217219281265,23.0,0.6860126368498856,23.0,81.78439024390245,10.28115654,,,,,,no_numeric_esac_net_series_locally,False,False,False,v1,2026-07-08
fungal,CAN,2015,66,170.0,1.0,0.0058823529411764705,0.038461538461538464,0.9285714285714286,0.9945054945054945,0.030948898100989754,19.0,1.0667095647122349,19.0,81.82585365853659,10.76397896,,,,,,no_numeric_esac_net_series_locally,False,False,False,v1,2026-07-08
fungal,CAN,2016,37,88.0,0.0,0.0,0.05102040816326531,0.8979591836734694,1.0,0.028923699795443833,17.0,0.9917661690842786,17.0,81.94,11.05626965,,,,,,no_numeric_esac_net_series_locally,False,False,False,v1,2026-07-08
fungal,CAN,2017,34,105.0,4.0,0.0380952380952381,0.06696428571428571,0.9017857142857143,0.9642857142857143,0.02714601671755255,29.0,1.0631539477245273,29.0,81.8078048780488,10.9242115,,,,,,no_numeric_esac_net_series_locally,False,False,False,v1,2026-07-08
fungal,CAN,2018,33,99.0,5.0,0.050505050505050504,0.07211538461538461,0.9038461538461539,0.9519230769230769,0.0286979320185036,25.0,1.3350672426864283,25.0,81.80365853658537,10.92262077,,,,,,no_numeric_esac_net_series_locally,False,False,False,v1,2026-07-08
fungal,CAN,2019,30,88.0,2.0,0.022727272727272728,0.03846153846153849,0.945054945054945,0.978021978021978,0.02902552696968611,17.0,1.1715744740877974,17.0,82.15853658536587,11.04823494,,,,,,no_numeric_esac_net_series_locally,False,False,False,v1,2026-07-08
fungal,CAN,2020,31,101.0,0.0,0.0,0.014423076923076924,0.9711538461538461,1.0,0.03655275308289929,18.0,0.9367259892393124,18.0,81.53,13.01732922,,,,,,no_numeric_esac_net_series_locally,False,False,False,v1,2026-07-08
fungal,CHE,2019,3,10.0,0.0,0.0,0.11538461538461539,0.7692307692307693,1.0,0.09612609074408397,11.0,1.374344307100649,11.0,83.90487804878049,11.42588997,,,,,,no_numeric_esac_net_series_locally,False,False,False,v1,2026-07-08
fungal,CHE,2020,2,7.0,0.0,0.0,0.1111111111111111,0.7777777777777778,1.0,0.0071733747731049305,8.0,1.764723422263392,8.0,83.0,11.98960876,,,,,,no_numeric_esac_net_series_locally,False,False,False,v1,2026-07-08
fungal,CHE,2021,3,10.0,0.0,0.0,0.08333333333333333,0.8333333333333334,1.0,0.04158063619862258,8.0,1.641717608095779,8.0,83.75121951219514,11.95855618,,,,,,no_numeric_esac_net_series_locally,False,False,False,v1,2026-07-08
fungal,CHE,2022,4,15.0,0.0,0.0,0.058823529411764705,0.8823529411764706,1.0,-0.03487994474697221,8.0,1.2320378370644836,8.0,83.60487804878049,11.59911823,,,,,,no_numeric_esac_net_series_locally,False,False,False,v1,2026-07-08
fungal,CHE,2023,3,9.0,0.0,0.0,0.125,0.75,1.0,,6.0,2.3529645630178564,9.0,84.15609756097562,11.69096088,,,,,,no_numeric_esac_net_series_locally,False,False,False,v1,2026-07-08
fungal,CHE,2024,2,6.0,0.0,0.0,0.125,0.75,1.0,,5.0,1.8823830095943863,7.0,84.40731707317074,,,,,,,no_numeric_esac_net_series_locally,False,False,False,v1,2026-07-08
fungal,CHL,2010,31,126.0,6.0,0.047619047619047616,0.04761904761904761,0.9523809523809523,0.9523809523809523,0.0016018327700166638,22.0,0.97335106945731,22.0,79.095,6.81958389,,,,,,no_numeric_esac_net_series_locally,False,False,False,v1,2026-07-08
fungal,CHL,2011,32,134.0,1.0,0.007462686567164179,0.007462686567164177,0.9925373134328358,0.9925373134328358,,22.0,0.9130521211152945,28.0,79.236,6.79947519,,,,,,no_numeric_esac_net_series_locally,False,False,False,v1,2026-07-08
fungal,CHL,2012,54,222.0,4.0,0.018018018018018018,0.018018018018018018,0.9819819819819819,0.9819819819819819,,28.0,0.8285326889212367,34.0,79.221,7.01951265,,,,,,no_numeric_esac_net_series_locally,False,False,False,v1,2026-07-08
fungal,CHL,2013,55,226.0,4.0,0.017699115044247787,0.017699115044247787,0.9823008849557522,0.9823008849557522,,34.0,0.8181973079728657,35.0,79.551,7.47552681,,,,,,no_numeric_esac_net_series_locally,False,False,False,v1,2026-07-08
fungal,CHL,2014,18,37.0,0.0,0.0,0.1509433962264151,0.6981132075471698,1.0,0.015537383605931565,14.0,1.0882463719558266,14.0,79.714,7.84150171,,,,,,no_numeric_esac_net_series_locally,False,False,False,v1,2026-07-08
fungal,CHL,2015,25,52.0,0.0,0.0,0.10606060606060606,0.7878787878787878,1.0,0.016977721017781364,10.0,1.5827990650449733,10.0,80.008,8.3513937,,,,,,no_numeric_esac_net_series_locally,False,False,False,v1,2026-07-08
fungal,CHL,2016,26,58.0,0.0,0.0,0.10810810810810811,0.7837837837837838,1.0,0.029217273034063535,17.0,1.3641634765850332,17.0,80.295,8.55767059,,,,,,no_numeric_esac_net_series_locally,False,False,False,v1,2026-07-08
fungal,CHL,2017,26,77.0,1.0,0.012987012987012988,0.07386363636363637,0.8636363636363636,0.9886363636363636,0.012600245638468252,22.0,1.3045580557337242,22.0,80.61,9.090518,,,,,,no_numeric_esac_net_series_locally,False,False,False,v1,2026-07-08
fungal,CHL,2018,13,40.0,0.0,0.0,0.06521739130434782,0.8695652173913043,1.0,0.008798138684050662,20.0,1.0817893203493028,20.0,80.559,9.15040398,,,,,,no_numeric_esac_net_series_locally,False,False,False,v1,2026-07-08
fungal,CHL,2019,18,61.0,0.0,0.0,0.04477611940298507,0.9104477611940298,1.0,0.030569630855161203,22.0,1.5035873859109836,22.0,80.324,9.30968475,,,,,,no_numeric_esac_net_series_locally,False,False,False,v1,2026-07-08
fungal,CHL,2020,23,70.0,0.0,0.0,0.039473684210526314,0.9210526315789473,1.0,0.006045931173622512,19.0,1.4322080568335804,19.0,79.349,9.69734573,,,,,,no_numeric_esac_net_series_locally,False,False,False,v1,2026-07-08
fungal,CHL,2021,38,119.0,4.0,0.03361344537815126,0.09782608695652174,0.8333333333333334,0.9710144927536232,0.025149698360875217,25.0,1.4437787378107136,25.0,78.876,9.72450161,,,,,,no_numeric_esac_net_series_locally,False,False,False,v1,2026-07-08
fungal,CHL,2022,14,41.0,2.0,0.04878048780487805,0.09782608695652174,0.8478260869565217,0.9565217391304348,0.0006703634195751084,14.0,1.5437675230553134,14.0,79.176,10.0053072,,,,,,no_numeric_esac_net_series_locally,False,False,False,v1,2026-07-08
fungal,CHL,2023,12,39.0,4.0,0.10256410256410256,0.15555555555555556,0.7777777777777778,0.9111111111111111,0.015375825374391135,22.0,0.7117787378107139,22.0,81.167,10.17470455,,,,,,no_numeric_esac_net_series_locally,False,False,False,v1,2026-07-08
fungal,CHL,2024,19,62.0,1.0,0.016129032258064516,0.06521739130434782,0.8840579710144928,0.9855072463768116,0.038352413074494954,25.0,1.1683430619208783,25.0,81.359,,,,,,,no_numeric_esac_net_series_locally,False,False,False,v1,2026-07-08
fungal,CHN,2010,39,158.0,3.0,0.0189873417721519,0.018987341772151906,0.9810126582278481,0.9810126582278481,-0.4054417026679046,18.0,1.8080978822448657,18.0,75.668,4.15821123,,,,,,no_numeric_esac_net_series_locally,False,False,False,v1,2026-07-08
fungal,CHN,2011,68,278.0,14.0,0.050359712230215826,0.050359712230215826,0.9496402877697842,0.9496402877697842,-0.398105694649976,18.0,1.17420678751465,18.0,75.889,4.26719379,,,,,,no_numeric_esac_net_series_locally,False,False,False,v1,2026-07-08
fungal,CHN,2012,121,487.0,11.0,0.022587268993839837,0.022587268993839824,0.9774127310061602,0.9774127310061602,,34.0,0.5757535629572529,38.0,76.2,4.49046612,,,,,,no_numeric_esac_net_series_locally,False,False,False,v1,2026-07-08
fungal,CHN,2013,189,764.0,30.0,0.03926701570680628,0.03926701570680626,0.9607329842931938,0.9607329842931938,,34.0,0.6599353282430129,42.0,76.452,4.63882637,,,,,,no_numeric_esac_net_series_locally,False,False,False,v1,2026-07-08
fungal,COL,2011,22,96.0,2.0,0.020833333333333332,0.020833333333333332,0.9791666666666666,0.9791666666666666,,22.0,1.0711898009201781,32.0,75.18,6.78076792,,,,,,no_numeric_esac_net_series_locally,False,False,False,v1,2026-07-08
fungal,COL,2012,33,131.0,8.0,0.061068702290076333,0.061068702290076333,0.9389312977099237,0.9389312977099237,,34.0,0.8540052105657755,37.0,75.611,6.74601603,,,,,,no_numeric_esac_net_series_locally,False,False,False,v1,2026-07-08
fungal,COL,2013,16,62.0,0.0,0.0,0.0,1.0,1.0,,20.0,1.006730707320408,21.0,75.834,7.01724052,,,,,,no_numeric_esac_net_series_locally,False,False,False,v1,2026-07-08
fungal,COL,2014,26,71.0,1.0,0.014084507042253521,0.07407407407407407,0.8641975308641975,0.9876543209876543,0.028822126218935918,16.0,1.0823617111316959,16.0,75.95,7.18553209,,,,,,no_numeric_esac_net_series_locally,False,False,False,v1,2026-07-08
fungal,COL,2015,31,81.0,1.0,0.012345679012345678,0.08421052631578947,0.8421052631578947,0.9894736842105263,0.06429841484468478,16.0,1.1207804482374617,16.0,76.067,7.52338505,,,,,,no_numeric_esac_net_series_locally,False,False,False,v1,2026-07-08
fungal,CRI,2019,25,75.0,0.0,0.0,0.06896551724137931,0.8620689655172413,1.0,,0.0,1.4219710743945233,12.0,80.296,7.2212491,,,,,,no_numeric_esac_net_series_locally,False,False,False,v1,2026-07-08
fungal,CZE,2013,23,91.0,9.0,0.0989010989010989,0.0989010989010989,0.9010989010989011,0.9010989010989011,,21.0,0.39706028518861597,26.0,78.17560975609756,7.44831276,,,,,,no_numeric_esac_net_series_locally,False,False,False,v1,2026-07-08
fungal,CZE,2014,26,59.0,0.0,0.0,0.16091954022988506,0.6781609195402298,1.0,0.09415579653393603,18.0,0.8345664972402341,18.0,78.82439024390244,7.53919601,,,,,,no_numeric_esac_net_series_locally,False,False,False,v1,2026-07-08
fungal,CZE,2015,28,69.0,3.0,0.043478260869565216,0.16842105263157894,0.6947368421052632,0.968421052631579,0.05963911474801279,19.0,0.969487307108222,19.0,78.5780487804878,7.29346752,,,,,,no_numeric_esac_net_series_locally,False,False,False,v1,2026-07-08
fungal,CZE,2016,33,75.0,1.0,0.013333333333333334,0.13131313131313133,0.7474747474747475,0.98989898989899,0.06257688266645575,21.0,1.083642156925989,21.0,79.02682926829269,7.32258606,,,,,,no_numeric_esac_net_series_locally,False,False,False,v1,2026-07-08
fungal,CZE,2017,18,58.0,3.0,0.05172413793103448,0.08064516129032258,0.8870967741935484,0.9516129032258065,0.03841629758168175,19.0,1.1577614518693178,19.0,78.97804878048781,7.24190664,,,,,,no_numeric_esac_net_series_locally,False,False,False,v1,2026-07-08
fungal,CZE,2018,37,119.0,5.0,0.04201680672268908,0.06048387096774194,0.9193548387096774,0.9596774193548387,0.09082864606353079,26.0,1.0245478428386943,26.0,79.02926829268293,7.37173605,,,,,,no_numeric_esac_net_series_locally,False,False,False,v1,2026-07-08
fungal,CZE,2019,34,106.0,0.0,0.0,0.04310344827586207,0.9137931034482759,1.0,,40.0,1.424417808663075,41.0,79.22926829268295,7.48754358,,,,,,no_numeric_esac_net_series_locally,False,False,False,v1,2026-07-08
fungal,CZE,2020,25,83.0,2.0,0.024096385542168676,0.06111111111111109,0.9,0.9777777777777777,0.11981708047420186,17.0,1.2062155819527076,17.0,78.22682926829269,8.96995831,,,,,,no_numeric_esac_net_series_locally,False,False,False,v1,2026-07-08
fungal,CZE,2021,38,123.0,12.0,0.0975609756097561,0.12213740458015267,0.8473282442748091,0.9083969465648855,,31.0,1.2608769733783272,32.0,77.2219512195122,9.15420723,,,,,,no_numeric_esac_net_series_locally,False,False,False,v1,2026-07-08
fungal,CZE,2022,36,110.0,0.0,0.0,0.021739130434782608,0.9565217391304348,1.0,,26.0,1.4765205388560356,28.0,78.92926829268293,8.47063065,,,,,,no_numeric_esac_net_series_locally,False,False,False,v1,2026-07-08
fungal,CZE,2023,23,69.0,5.0,0.07246376811594203,0.10135135135135136,0.8648648648648649,0.9324324324324325,0.0516246994425893,21.0,1.0143974695140574,21.0,79.8268292682927,8.42677402,,,,,,no_numeric_esac_net_series_locally,False,False,False,v1,2026-07-08
fungal,CZE,2024,34,104.0,5.0,0.04807692307692308,0.06481481481481481,0.9166666666666666,0.9537037037037037,0.05932363623268626,25.0,1.1525106436335977,25.0,79.97804878048781,,,,,,,no_numeric_esac_net_series_locally,False,False,False,v1,2026-07-08
fungal,DEU,2010,39,163.0,9.0,0.05521472392638037,0.05521472392638038,0.9447852760736196,0.9447852760736196,,28.0,0.8940550019637633,29.0,79.98780487804879,10.8311739,,,,,,no_numeric_esac_net_series_locally,False,False,False,v1,2026-07-08
fungal,DEU,2011,21,90.0,6.0,0.06666666666666667,0.06666666666666668,0.9333333333333333,0.9333333333333333,0.10149093116340716,21.0,0.2110427784786448,21.0,80.43658536585367,10.52106953,,,,,,no_numeric_esac_net_series_locally,False,False,False,v1,2026-07-08
fungal,DEU,2012,58,246.0,10.0,0.04065040650406504,0.04065040650406504,0.959349593495935,0.959349593495935,0.07356621520864168,22.0,0.473534538815453,22.0,80.53902439024391,10.59356213,,,,,,no_numeric_esac_net_series_locally,False,False,False,v1,2026-07-08
fungal,DEU,2013,143,563.0,19.0,0.03374777975133215,0.03374777975133214,0.9662522202486679,0.9662522202486679,,40.0,0.5060978143295849,41.0,80.49024390243903,10.7432127,,,,,,no_numeric_esac_net_series_locally,False,False,False,v1,2026-07-08
fungal,DEU,2014,129,285.0,10.0,0.03508771929824561,0.09480122324159021,0.8409785932721713,0.9694189602446484,0.03363698320113033,21.0,0.8806862464338264,21.0,81.09024390243904,10.76819706,,,,,,no_numeric_esac_net_series_locally,False,False,False,v1,2026-07-08
fungal,DEU,2015,163,376.0,7.0,0.018617021276595744,0.07511737089201878,0.8661971830985915,0.9835680751173709,0.03171674269532587,25.0,1.2440574057039033,25.0,80.64146341463415,10.92317677,,,,,,no_numeric_esac_net_series_locally,False,False,False,v1,2026-07-08
fungal,DEU,2016,170,389.0,7.0,0.017994858611825194,0.06697459584295612,0.8822170900692841,0.9838337182448037,0.04086098909145524,27.0,1.232096723258522,27.0,80.99024390243903,10.97133732,,,,,,no_numeric_esac_net_series_locally,False,False,False,v1,2026-07-08
fungal,DEU,2017,168,530.0,9.0,0.016981132075471698,0.0285451197053407,0.9594843462246777,0.9834254143646409,0.03866807207727253,26.0,1.214132005004517,26.0,80.99268292682929,11.05091095,,,,,,no_numeric_esac_net_series_locally,False,False,False,v1,2026-07-08
fungal,DEU,2018,161,507.0,8.0,0.015779092702169626,0.03285714285714285,0.9495238095238095,0.9847619047619047,0.032558092365808616,30.0,1.309038131197141,30.0,80.89268292682927,11.18380833,,,,,,no_numeric_esac_net_series_locally,False,False,False,v1,2026-07-08
fungal,DEU,2019,189,596.0,4.0,0.006711409395973154,0.03035143769968051,0.9456869009584664,0.9936102236421726,0.022778479670871214,29.0,1.3275611321770548,29.0,81.29268292682927,11.42805386,,,,,,no_numeric_esac_net_series_locally,False,False,False,v1,2026-07-08
fungal,DEU,2020,192,593.0,8.0,0.013490725126475547,0.027049180327868853,0.9590163934426229,0.9868852459016394,0.01815565927545609,36.0,1.2098312959285458,36.0,81.04146341463415,12.46780777,,,,,,no_numeric_esac_net_series_locally,False,False,False,v1,2026-07-08
fungal,DEU,2021,155,484.0,5.0,0.010330578512396695,0.03162055335968379,0.9466403162055336,0.9901185770750988,0.014330613843167635,33.0,1.1820101202873012,33.0,80.79024390243903,12.72403336,,,,,,no_numeric_esac_net_series_locally,False,False,False,v1,2026-07-08
fungal,DEU,2022,112,357.0,4.0,0.011204481792717087,0.02837837837837838,0.9540540540540541,0.9891891891891892,0.025640897296403672,31.0,1.6272286878469135,31.0,80.6080487804878,12.44708347,,,,,,no_numeric_esac_net_series_locally,False,False,False,v1,2026-07-08
fungal,DEU,2023,119,390.0,10.0,0.02564102564102564,0.04878048780487805,0.926829268292683,0.975609756097561,0.029683277286857233,27.0,1.0943586747752778,27.0,81.04146341463415,11.74428654,,,,,,no_numeric_esac_net_series_locally,False,False,False,v1,2026-07-08
fungal,DEU,2024,113,356.0,8.0,0.02247191011235955,0.06521739130434781,0.8900255754475703,0.979539641943734,0.0282020590149644,39.0,1.1675667825357572,39.0,80.79268292682927,,,,,,,no_numeric_esac_net_series_locally,False,False,False,v1,2026-07-08
fungal,ECU,2011,41,167.0,0.0,0.0,0.0,1.0,1.0,,8.0,1.3013366454617803,18.0,75.179,6.60509682,,,,,,no_numeric_esac_net_series_locally,False,False,False,v1,2026-07-08
fungal,ECU,2013,5,20.0,1.0,0.05,0.05,0.95,0.95,,8.0,0.7058893689053569,12.0,75.832,6.77866411,,,,,,no_numeric_esac_net_series_locally,False,False,False,v1,2026-07-08
fungal,ESP,2010,58,244.0,12.0,0.04918032786885246,0.04918032786885245,0.9508196721311475,0.9508196721311475,,26.0,1.0147186892716833,32.0,81.6268292682927,9.16992569,,,,,,no_numeric_esac_net_series_locally,False,False,False,v1,2026-07-08
fungal,ESP,2011,87,362.0,10.0,0.027624309392265192,0.027624309392265217,0.9723756906077348,0.9723756906077348,0.02010144422609906,22.0,0.9313336487308599,22.0,82.47560975609757,9.21749687,,,,,,no_numeric_esac_net_series_locally,False,False,False,v1,2026-07-08
fungal,ESP,2012,82,336.0,18.0,0.05357142857142857,0.05357142857142857,0.9464285714285714,0.9464285714285714,0.020848015311813347,26.0,0.8461049023341982,26.0,82.4268292682927,9.2189045,,,,,,no_numeric_esac_net_series_locally,False,False,False,v1,2026-07-08
fungal,ESP,2013,79,324.0,7.0,0.021604938271604937,0.021604938271604927,0.9783950617283951,0.9783950617283951,,25.0,0.6929592525023661,26.0,83.07804878048782,9.13714981,,,,,,no_numeric_esac_net_series_locally,False,False,False,v1,2026-07-08
fungal,ESP,2014,74,152.0,4.0,0.02631578947368421,0.09090909090909091,0.8409090909090909,0.9772727272727273,0.03760133434233846,12.0,1.0309263567099356,12.0,83.22926829268293,9.1512289,,,,,,no_numeric_esac_net_series_locally,False,False,False,v1,2026-07-08
fungal,ESP,2015,99,213.0,0.0,0.0,0.06882591093117409,0.8623481781376519,1.0,0.026629332354574903,26.0,1.737124467276311,26.0,82.83170731707318,9.17553329,,,,,,no_numeric_esac_net_series_locally,False,False,False,v1,2026-07-08
fungal,ESP,2016,95,211.0,3.0,0.014218009478672985,0.08835341365461848,0.8353413654618473,0.9879518072289156,,20.0,1.0790394195434,24.0,83.32926829268293,8.88084984,,,,,,no_numeric_esac_net_series_locally,False,False,False,v1,2026-07-08
fungal,ESP,2017,95,315.0,5.0,0.015873015873015872,0.054093567251461985,0.9064327485380117,0.9853801169590644,,24.0,1.190716717099437,25.0,83.28292682926829,9.0217495,,,,,,no_numeric_esac_net_series_locally,False,False,False,v1,2026-07-08
fungal,ESP,2018,87,273.0,7.0,0.02564102564102564,0.0375,0.95,0.975,0.013854852095936671,29.0,1.5761423125687868,29.0,83.43170731707319,9.07122517,,,,,,no_numeric_esac_net_series_locally,False,False,False,v1,2026-07-08
fungal,ESP,2019,97,302.0,8.0,0.026490066225165563,0.06,0.9046153846153846,0.9753846153846154,0.019983245153156137,27.0,1.3628774435184043,27.0,83.83170731707318,9.21539497,,,,,,no_numeric_esac_net_series_locally,False,False,False,v1,2026-07-08
fungal,ESP,2020,83,267.0,5.0,0.018726591760299626,0.06587837837837837,0.8851351351351351,0.9831081081081081,0.03143604446872483,19.0,1.4051950726000868,19.0,82.23170731707317,10.79479218,,,,,,no_numeric_esac_net_series_locally,False,False,False,v1,2026-07-08
fungal,ESP,2021,81,264.0,4.0,0.015151515151515152,0.05862068965517241,0.896551724137931,0.9862068965517241,0.039047756167523935,22.0,1.5732373327503115,22.0,83.1780487804878,10.34419918,,,,,,no_numeric_esac_net_series_locally,False,False,False,v1,2026-07-08
fungal,ESP,2022,82,255.0,1.0,0.00392156862745098,0.03148148148148148,0.9407407407407408,0.9962962962962963,0.028077601008505457,14.0,1.5207285690391634,14.0,83.13414634146342,9.6799593,,,,,,no_numeric_esac_net_series_locally,False,False,False,v1,2026-07-08
fungal,ESP,2023,64,210.0,6.0,0.02857142857142857,0.061946902654867256,0.9026548672566371,0.9734513274336283,0.03683829991390256,16.0,1.010035137934497,16.0,83.93414634146342,9.2206583,,,,,,no_numeric_esac_net_series_locally,False,False,False,v1,2026-07-08
fungal,ESP,2024,61,203.0,6.0,0.029556650246305417,0.07366071428571426,0.8794642857142857,0.9732142857142857,0.03269019006257155,17.0,1.4262944598416871,17.0,83.8878048780488,,,,,,,no_numeric_esac_net_series_locally,False,False,False,v1,2026-07-08
fungal,FRA,2010,68,283.0,23.0,0.0812720848056537,0.0812720848056537,0.9187279151943463,0.9187279151943463,0.05843697843090021,26.0,0.8263384072747203,26.0,81.66341463414635,11.22430801,,,,,,no_numeric_esac_net_series_locally,False,False,False,v1,2026-07-08
fungal,FRA,2011,62,261.0,8.0,0.03065134099616858,0.03065134099616858,0.9693486590038314,0.9693486590038314,,34.0,0.6494085777903077,36.0,82.11463414634147,11.17601013,,,,,,no_numeric_esac_net_series_locally,False,False,False,v1,2026-07-08
fungal,FRA,2012,66,254.0,7.0,0.027559055118110236,0.027559055118110246,0.9724409448818898,0.9724409448818898,0.02531511141184736,26.0,0.4556769571245598,26.0,81.96829268292684,11.33749485,,,,,,no_numeric_esac_net_series_locally,False,False,False,v1,2026-07-08
fungal,FRA,2013,68,257.0,13.0,0.05058365758754864,0.05155642023346304,0.9474708171206225,0.9494163424124513,,37.0,0.6089015025512534,40.0,82.21951219512196,11.37891197,,,,,,no_numeric_esac_net_series_locally,False,False,False,v1,2026-07-08
fungal,FRA,2014,79,199.0,0.0,0.0,0.045662100456621,0.908675799086758,1.0,0.023954928309996345,20.0,0.77336170757548,20.0,82.71951219512195,11.57935429,,,,,,no_numeric_esac_net_series_locally,False,False,False,v1,2026-07-08
fungal,FRA,2015,78,199.0,0.0,0.0,0.06167400881057269,0.8766519823788547,1.0,0.019813691324033565,26.0,1.0605607081398558,26.0,82.3219512195122,11.50032997,,,,,,no_numeric_esac_net_series_locally,False,False,False,v1,2026-07-08
fungal,FRA,2016,76,180.0,4.0,0.022222222222222223,0.061224489795918366,0.8979591836734694,0.9795918367346939,0.028915076912042845,22.0,1.0634426422787113,22.0,82.57317073170732,11.57036018,,,,,,no_numeric_esac_net_series_locally,False,False,False,v1,2026-07-08
fungal,FRA,2017,75,227.0,3.0,0.013215859030837005,0.03571428571428571,0.9411764705882353,0.9873949579831933,0.021526517107125775,40.0,1.2208544000105488,40.0,82.57560975609756,11.44944572,,,,,,no_numeric_esac_net_series_locally,False,False,False,v1,2026-07-08
fungal,FRA,2018,31,91.0,3.0,0.03296703296703297,0.0663265306122449,0.8979591836734694,0.9693877551020408,0.02333950391687359,31.0,1.388946162287303,31.0,82.67560975609757,11.30847645,,,,,,no_numeric_esac_net_series_locally,False,False,False,v1,2026-07-08
fungal,FRA,2019,35,112.0,3.0,0.026785714285714284,0.06198347107438017,0.9008264462809917,0.9752066115702479,0.03895588190837213,31.0,1.2522969363182535,31.0,82.8268292682927,11.17058277,,,,,,no_numeric_esac_net_series_locally,False,False,False,v1,2026-07-08
fungal,FRA,2020,37,114.0,3.0,0.02631578947368421,0.078125,0.8671875,0.9765625,0.024131880296492318,41.0,1.1728045319688891,41.0,82.17560975609757,12.12949371,,,,,,no_numeric_esac_net_series_locally,False,False,False,v1,2026-07-08
fungal,FRA,2021,33,103.0,5.0,0.04854368932038835,0.07727272727272727,0.8909090909090909,0.9545454545454546,0.014897681255676969,31.0,0.7941236764030408,31.0,82.32439024390244,12.24894238,,,,,,no_numeric_esac_net_series_locally,False,False,False,v1,2026-07-08
fungal,FRA,2022,45,135.0,7.0,0.05185185185185185,0.07692307692307693,0.8951048951048951,0.951048951048951,0.024070849391710447,25.0,1.2708919949138988,25.0,82.12926829268294,11.82888794,,,,,,no_numeric_esac_net_series_locally,False,False,False,v1,2026-07-08
fungal,FRA,2023,6,19.0,0.0,0.0,0.08695652173913043,0.8260869565217391,1.0,0.015254744189034188,14.0,0.8058893689053569,14.0,82.83170731707318,11.51974583,,,,,,no_numeric_esac_net_series_locally,False,False,False,v1,2026-07-08
fungal,FRA,2024,26,77.0,2.0,0.025974025974025976,0.0989010989010989,0.8241758241758241,0.978021978021978,0.035254164766713544,21.0,1.1918568788159492,21.0,82.98048780487807,,,,,,,no_numeric_esac_net_series_locally,False,False,False,v1,2026-07-08
fungal,GBR,2010,65,269.0,28.0,0.10408921933085502,0.10408921933085502,0.895910780669145,0.895910780669145,0.03699978707946897,29.0,0.721912001925755,29.0,80.40243902439025,9.78799534,,,,,,no_numeric_esac_net_series_locally,False,False,False,v1,2026-07-08
fungal,GBR,2011,33,139.0,5.0,0.03597122302158273,0.035971223021582746,0.9640287769784173,0.9640287769784173,0.0691981042638464,29.0,0.8863369850072391,29.0,80.95121951219512,9.79682636,,,,,,no_numeric_esac_net_series_locally,False,False,False,v1,2026-07-08
fungal,GBR,2012,59,251.0,8.0,0.03187250996015936,0.03187250996015936,0.9681274900398407,0.9681274900398407,,33.0,0.6328600640851076,39.0,80.90487804878049,9.89332199,,,,,,no_numeric_esac_net_series_locally,False,False,False,v1,2026-07-08
fungal,GBR,2013,16,68.0,3.0,0.04411764705882353,0.04411764705882352,0.9558823529411765,0.9558823529411765,0.06917111523020031,17.0,0.4166062441558216,17.0,81.0048780487805,9.99087143,,,,,,no_numeric_esac_net_series_locally,False,False,False,v1,2026-07-08
fungal,GBR,2014,12,25.0,1.0,0.04,0.12903225806451613,0.7741935483870968,0.967741935483871,0.06629598956540088,8.0,1.1244451829313182,8.0,81.3048780487805,9.97686195,,,,,,no_numeric_esac_net_series_locally,False,False,False,v1,2026-07-08
fungal,GBR,2015,30,69.0,1.0,0.014492753623188406,0.11494252873563218,0.7816091954022989,0.9885057471264368,0.07534070260189495,11.0,1.4944314734552435,11.0,80.95609756097562,9.94044876,,,,,,no_numeric_esac_net_series_locally,False,False,False,v1,2026-07-08
fungal,GBR,2016,6,11.0,0.0,0.0,0.17647058823529413,0.6470588235294118,1.0,0.08677721963673106,7.0,1.514723422263392,7.0,81.15609756097562,9.87085724,,,,,,no_numeric_esac_net_series_locally,False,False,False,v1,2026-07-08
fungal,GBR,2019,30,94.0,3.0,0.031914893617021274,0.05999999999999999,0.91,0.97,,22.0,1.2422227869474787,24.0,81.36912195121953,9.97954082,,,,,,no_numeric_esac_net_series_locally,False,False,False,v1,2026-07-08
fungal,GBR,2020,29,94.0,6.0,0.06382978723404255,0.09,0.88,0.94,-0.2568000636478988,22.0,0.9391744045795171,22.0,80.33175609756098,12.10388088,,,,,,no_numeric_esac_net_series_locally,False,False,False,v1,2026-07-08
fungal,GBR,2021,3,9.0,0.0,0.0,0.09090909090909091,0.8181818181818182,1.0,0.06013151894785031,3.0,1.6666666666666667,3.0,80.64731707317074,12.08347321,,,,,,no_numeric_esac_net_series_locally,False,False,False,v1,2026-07-08
fungal,GBR,2022,22,75.0,1.0,0.013333333333333334,0.054878048780487805,0.9024390243902439,0.9878048780487805,0.07800008434572708,17.0,1.753519775704506,17.0,81.01121951219511,11.09679794,,,,,,no_numeric_esac_net_series_locally,False,False,False,v1,2026-07-08
fungal,GRC,2010,18,72.0,0.0,0.0,0.0,1.0,1.0,-0.015575882251697284,16.0,1.4371158642547113,16.0,80.3878048780488,9.61952496,,,,,,no_numeric_esac_net_series_locally,False,False,False,v1,2026-07-08
fungal,GRC,2011,14,58.0,0.0,0.0,0.0,1.0,1.0,0.0028840589486757743,14.0,0.8117787378107136,14.0,80.73170731707317,9.18577003,,,,,,no_numeric_esac_net_series_locally,False,False,False,v1,2026-07-08
fungal,GRC,2012,21,87.0,2.0,0.022988505747126436,0.022988505747126436,0.9770114942528736,0.9770114942528736,-0.0012386335767780223,22.0,0.9439715472994498,22.0,80.63414634146342,9.04327774,,,,,,no_numeric_esac_net_series_locally,False,False,False,v1,2026-07-08
fungal,GRC,2013,22,96.0,0.0,0.0,0.0,1.0,1.0,,18.0,1.0162258122902688,30.0,81.28536585365853,8.52183914,,,,,,no_numeric_esac_net_series_locally,False,False,False,v1,2026-07-08
fungal,GRC,2014,9,22.0,0.0,0.0,0.10714285714285714,0.7857142857142857,1.0,0.03566381335812634,8.0,0.8235483008990376,8.0,81.38536585365853,7.94358587,,,,,,no_numeric_esac_net_series_locally,False,False,False,v1,2026-07-08
fungal,GRC,2015,14,29.0,0.0,0.0,0.10810810810810811,0.7837837837837838,1.0,-0.0007096186754410469,10.0,1.7784454044773805,10.0,81.03658536585367,8.26719952,,,,,,no_numeric_esac_net_series_locally,False,False,False,v1,2026-07-08
fungal,GRC,2016,11,25.0,0.0,0.0,0.12121212121212122,0.7575757575757576,1.0,0.020177771867960874,10.0,1.5483343619400503,10.0,81.3878048780488,8.45097542,,,,,,no_numeric_esac_net_series_locally,False,False,False,v1,2026-07-08
fungal,GRC,2017,19,60.0,6.0,0.1,0.125,0.84375,0.90625,-0.005292827667104519,14.0,1.1344626906734692,14.0,81.28780487804877,8.11336899,,,,,,no_numeric_esac_net_series_locally,False,False,False,v1,2026-07-08
fungal,GRC,2019,10,31.0,3.0,0.0967741935483871,0.1323529411764706,0.8235294117647058,0.9117647058823529,0.00038830633575399984,11.0,1.494515988960936,11.0,81.63902439024392,8.11709499,,,,,,no_numeric_esac_net_series_locally,False,False,False,v1,2026-07-08
fungal,GRC,2020,7,22.0,1.0,0.045454545454545456,0.1,0.84,0.96,,8.0,1.3995390371056537,10.0,81.28780487804877,9.38074493,,,,,,no_numeric_esac_net_series_locally,False,False,False,v1,2026-07-08
fungal,GRC,2021,7,23.0,0.0,0.0,0.057692307692307696,0.8846153846153846,1.0,0.002572919640935334,11.0,0.9741344853728564,11.0,80.0829268292683,9.03178692,,,,,,no_numeric_esac_net_series_locally,False,False,False,v1,2026-07-08
fungal,GRC,2022,7,22.0,0.0,0.0,0.09259259259259259,0.8148148148148148,1.0,,14.0,2.5392486122501183,17.0,80.78780487804879,8.44938278,,,,,,no_numeric_esac_net_series_locally,False,False,False,v1,2026-07-08
fungal,GRC,2023,13,38.0,0.0,0.0,0.036585365853658534,0.926829268292683,1.0,,11.0,1.2901276808567363,22.0,81.73658536585367,8.39367008,,,,,,no_numeric_esac_net_series_locally,False,False,False,v1,2026-07-08
fungal,GRC,2024,21,67.0,1.0,0.014925373134328358,0.0547945205479452,0.9041095890410958,0.9863013698630136,,14.0,1.2079832488958742,17.0,81.83902439024392,,,,,,,no_numeric_esac_net_series_locally,False,False,False,v1,2026-07-08
fungal,HKG,2011,22,91.0,6.0,0.06593406593406594,0.06593406593406594,0.9340659340659341,0.9340659340659341,,10.0,0.5819864283898172,22.0,83.4119512195122,,,,,,,no_numeric_esac_net_series_locally,False,False,False,v1,2026-07-08
fungal,HKG,2012,1,5.0,0.0,0.0,0.0,1.0,1.0,0.6764822815096654,6.0,0.3431489481755947,6.0,83.45024390243903,,,,,,,no_numeric_esac_net_series_locally,False,False,False,v1,2026-07-08
fungal,HKG,2013,1,4.0,0.0,0.0,0.0,1.0,1.0,-0.12500000000001527,4.0,0.25,4.0,83.83121951219512,,,,,,,no_numeric_esac_net_series_locally,False,False,False,v1,2026-07-08
fungal,HRV,2016,26,56.0,4.0,0.07142857142857142,0.2073170731707317,0.6341463414634146,0.9512195121951219,,0.0,0.4862780177860118,14.0,77.92195121951221,6.69167471,,,,,,no_numeric_esac_net_series_locally,False,False,False,v1,2026-07-08
fungal,HUN,2010,64,246.0,3.0,0.012195121951219513,0.012195121951219506,0.9878048780487805,0.9878048780487805,,40.0,1.2427377580392034,41.0,74.20731707317074,7.46420383,,,,,,no_numeric_esac_net_series_locally,False,False,False,v1,2026-07-08
fungal,HUN,2011,14,55.0,1.0,0.01818181818181818,0.01818181818181818,0.9818181818181818,0.9818181818181818,0.018883079914284107,32.0,0.7140044107478445,32.0,74.85853658536587,7.49342251,,,,,,no_numeric_esac_net_series_locally,False,False,False,v1,2026-07-08
fungal,HUN,2012,25,105.0,1.0,0.009523809523809525,0.009523809523809525,0.9904761904761905,0.9904761904761905,0.03912881233079654,22.0,0.7615056177972399,22.0,75.06341463414634,7.43047714,,,,,,no_numeric_esac_net_series_locally,False,False,False,v1,2026-07-08
fungal,HUN,2013,20,81.0,4.0,0.04938271604938271,0.04938271604938271,0.9506172839506173,0.9506172839506173,0.08381926040639928,23.0,0.5153791151627433,23.0,75.5658536585366,7.23645353,,,,,,no_numeric_esac_net_series_locally,False,False,False,v1,2026-07-08
fungal,HUN,2014,24,49.0,1.0,0.02040816326530612,0.10169491525423732,0.8135593220338984,0.9830508474576272,0.012973816539713912,12.0,0.8647114951242856,12.0,75.76341463414634,7.04192352,,,,,,no_numeric_esac_net_series_locally,False,False,False,v1,2026-07-08
fungal,HUN,2015,15,32.0,0.0,0.0,0.13636363636363635,0.7272727272727273,1.0,0.01581098560849249,14.0,1.2422227869474787,14.0,75.56829268292685,6.8501935,,,,,,no_numeric_esac_net_series_locally,False,False,False,v1,2026-07-08
fungal,HUN,2016,34,78.0,0.0,0.0,0.1388888888888889,0.7222222222222222,1.0,0.013632741336480503,22.0,1.223270802040787,22.0,76.06341463414635,6.96752644,,,,,,no_numeric_esac_net_series_locally,False,False,False,v1,2026-07-08
fungal,HUN,2017,35,111.0,0.0,0.0,0.06299212598425197,0.8740157480314961,1.0,0.006948119167289126,16.0,1.3016011600892852,16.0,75.81707317073172,6.73338366,,,,,,no_numeric_esac_net_series_locally,False,False,False,v1,2026-07-08
fungal,HUN,2018,32,97.0,0.0,0.0,0.07079646017699115,0.8584070796460177,1.0,0.005886444798939393,21.0,2.143857427491408,21.0,76.0658536585366,6.55460501,,,,,,no_numeric_esac_net_series_locally,False,False,False,v1,2026-07-08
fungal,HUN,2019,35,106.0,1.0,0.009433962264150943,0.03571428571428571,0.9375,0.9910714285714286,0.009763024995494734,27.0,1.2447746214898605,27.0,76.31951219512194,6.24677849,,,,,,no_numeric_esac_net_series_locally,False,False,False,v1,2026-07-08
fungal,HUN,2020,34,104.0,2.0,0.019230769230769232,0.06896551724137931,0.8793103448275862,0.9827586206896551,0.002548046298725154,22.0,1.315916482333498,22.0,75.41951219512197,7.230515,,,,,,no_numeric_esac_net_series_locally,False,False,False,v1,2026-07-08
fungal,HUN,2021,37,113.0,0.0,0.0,0.029166666666666667,0.9416666666666667,1.0,0.002074657304446468,21.0,1.4820627570830804,21.0,74.06585365853658,7.33524847,,,,,,no_numeric_esac_net_series_locally,False,False,False,v1,2026-07-08
fungal,HUN,2022,65,201.0,1.0,0.004975124378109453,0.021634615384615384,0.9615384615384616,0.9951923076923077,0.010274622154833544,31.0,1.5243443071006488,31.0,75.86829268292684,6.6474123,,,,,,no_numeric_esac_net_series_locally,False,False,False,v1,2026-07-08
fungal,HUN,2023,61,194.0,0.0,0.0,0.04460093896713615,0.9107981220657277,1.0,0.01329938139556053,27.0,0.9951312983353352,27.0,76.5707317073171,6.36868954,,,,,,no_numeric_esac_net_series_locally,False,False,False,v1,2026-07-08
fungal,HUN,2024,67,190.0,8.0,0.042105263157894736,0.07560975609756099,0.8878048780487805,0.9609756097560975,0.003413761312811944,28.0,0.9434573002858864,28.0,76.72439024390246,,,,,,,no_numeric_esac_net_series_locally,False,False,False,v1,2026-07-08
fungal,IND,2010,2,8.0,0.0,0.0,0.0,1.0,1.0,-0.8823617111315677,8.0,0.7573617111316959,8.0,67.162,3.33625913,,,,,,no_numeric_esac_net_series_locally,False,False,False,v1,2026-07-08
fungal,IND,2011,5,20.0,2.0,0.1,0.1,0.9,0.9,,8.0,0.10588936890535679,12.0,67.623,3.24634218,,,,,,no_numeric_esac_net_series_locally,False,False,False,v1,2026-07-08
fungal,IRL,2010,47,190.0,15.0,0.07894736842105263,0.07894736842105263,0.9210526315789473,0.9210526315789473,0.05177310605165646,29.0,0.7880628725967335,29.0,80.74390243902438,10.52062798,,,,,,no_numeric_esac_net_series_locally,False,False,False,v1,2026-07-08
fungal,IRL,2011,30,119.0,5.0,0.04201680672268908,0.042016806722689065,0.957983193277311,0.957983193277311,0.0818186397892159,27.0,0.41086350633365365,27.0,80.74634146341464,10.4888649,,,,,,no_numeric_esac_net_series_locally,False,False,False,v1,2026-07-08
fungal,IRL,2012,34,124.0,4.0,0.03225806451612903,0.03225806451612903,0.967741935483871,0.967741935483871,0.08666885487797926,27.0,0.6608032350473148,27.0,80.84634146341465,10.47466946,,,,,,no_numeric_esac_net_series_locally,False,False,False,v1,2026-07-08
fungal,IRL,2013,71,270.0,4.0,0.014814814814814815,0.01481481481481479,0.9851851851851852,0.9851851851851852,,31.0,0.3952137577756029,34.0,80.94878048780488,10.0333004,,,,,,no_numeric_esac_net_series_locally,False,False,False,v1,2026-07-08
fungal,IRL,2014,70,162.0,9.0,0.05555555555555555,0.15384615384615385,0.7355769230769231,0.9567307692307693,,21.0,0.8585173208684359,25.0,81.34878048780487,9.23077869,,,,,,no_numeric_esac_net_series_locally,False,False,False,v1,2026-07-08
fungal,IRL,2015,66,150.0,3.0,0.02,0.14705882352941177,0.7205882352941176,0.9852941176470589,,19.0,0.8785562049896005,23.0,81.45365853658538,7.07827806,,,,,,no_numeric_esac_net_series_locally,False,False,False,v1,2026-07-08
fungal,IRL,2016,52,112.0,4.0,0.03571428571428571,0.11764705882352941,0.7941176470588235,0.9705882352941176,0.08279188266268234,9.0,0.9196665048131528,9.0,81.65365853658537,7.3382206,,,,,,no_numeric_esac_net_series_locally,False,False,False,v1,2026-07-08
fungal,IRL,2017,48,148.0,6.0,0.04054054054054054,0.0802469135802469,0.8765432098765432,0.9629629629629629,0.06915424118751891,19.0,1.2267449643079786,19.0,82.15609756097562,6.91718578,,,,,,no_numeric_esac_net_series_locally,False,False,False,v1,2026-07-08
fungal,IRL,2018,21,69.0,2.0,0.028985507246376812,0.06081081081081082,0.9054054054054054,0.972972972972973,0.07428711940021197,10.0,1.1911847789668697,10.0,82.2048780487805,6.74710846,,,,,,no_numeric_esac_net_series_locally,False,False,False,v1,2026-07-08
fungal,IRL,2019,7,23.0,0.0,0.0,0.08928571428571429,0.8214285714285714,1.0,0.07629849049843825,11.0,1.0470672426864283,11.0,82.70243902439026,6.61860561,,,,,,no_numeric_esac_net_series_locally,False,False,False,v1,2026-07-08
fungal,IRL,2020,7,22.0,0.0,0.0,0.10714285714285714,0.7857142857142857,1.0,0.05654007100936903,11.0,1.6266198184076077,11.0,82.45609756097564,6.97323275,,,,,,no_numeric_esac_net_series_locally,False,False,False,v1,2026-07-08
fungal,IRL,2021,27,82.0,0.0,0.0,0.09405940594059406,0.8118811881188119,1.0,0.061278661981263124,16.0,1.9211254254021002,16.0,82.25365853658538,6.44113493,,,,,,no_numeric_esac_net_series_locally,False,False,False,v1,2026-07-08
fungal,IRL,2022,34,105.0,0.0,0.0,0.06611570247933884,0.8677685950413223,1.0,0.0654252466840852,19.0,2.0939152978910545,19.0,82.50975609756098,6.02078247,,,,,,no_numeric_esac_net_series_locally,False,False,False,v1,2026-07-08
fungal,IRL,2023,10,30.0,0.0,0.0,0.07142857142857142,0.8571428571428571,1.0,0.07310473234297797,10.0,1.7581328978103103,10.0,82.80731707317074,6.57538509,,,,,,no_numeric_esac_net_series_locally,False,False,False,v1,2026-07-08
fungal,IRL,2024,3,10.0,1.0,0.1,0.16666666666666666,0.75,0.9166666666666666,0.07273306617988722,8.0,0.9090909090909091,8.0,83.009756097561,,,,,,,no_numeric_esac_net_series_locally,False,False,False,v1,2026-07-08
fungal,ISR,2010,41,173.0,7.0,0.04046242774566474,0.04046242774566474,0.9595375722543352,0.9595375722543352,,22.0,0.894646727256377,26.0,81.60243902439025,6.85038328,,,,,,no_numeric_esac_net_series_locally,False,False,False,v1,2026-07-08
fungal,ISR,2011,41,174.0,5.0,0.028735632183908046,0.028735632183908035,0.9712643678160919,0.9712643678160919,0.02918068248584361,22.0,0.6959787304508925,22.0,81.65609756097562,6.80594969,,,,,,no_numeric_esac_net_series_locally,False,False,False,v1,2026-07-08
fungal,ISR,2012,46,198.0,1.0,0.005050505050505051,0.005050505050505051,0.9949494949494949,0.9949494949494949,,31.0,0.866084701637309,32.0,81.7048780487805,6.94185257,,,,,,no_numeric_esac_net_series_locally,False,False,False,v1,2026-07-08
fungal,ISR,2013,38,156.0,10.0,0.0641025641025641,0.06666666666666667,0.9307692307692307,0.9358974358974359,,30.0,0.42795213891462,31.0,82.05609756097562,6.94074392,,,,,,no_numeric_esac_net_series_locally,False,False,False,v1,2026-07-08
fungal,ISR,2014,35,83.0,4.0,0.04819277108433735,0.0967741935483871,0.8494623655913979,0.956989247311828,0.04465472169370585,12.0,0.6047925666975441,12.0,82.15365853658537,7.02990532,,,,,,no_numeric_esac_net_series_locally,False,False,False,v1,2026-07-08
fungal,ISR,2015,40,94.0,1.0,0.010638297872340425,0.09649122807017543,0.8157894736842105,0.9912280701754386,0.056142716321008354,17.0,0.9560342164409205,17.0,82.05121951219512,7.02090645,,,,,,no_numeric_esac_net_series_locally,False,False,False,v1,2026-07-08
fungal,ISR,2020,40,139.0,4.0,0.02877697841726619,0.048275862068965496,0.9310344827586207,0.9724137931034482,0.058028345197468384,19.0,1.0065917957569868,19.0,82.64878048780488,7.74801874,,,,,,no_numeric_esac_net_series_locally,False,False,False,v1,2026-07-08
fungal,ISR,2021,36,119.0,0.0,0.0,0.016260162601626018,0.967479674796748,1.0,0.03849300057554973,14.0,1.3235483008990376,14.0,82.5,7.83961058,,,,,,no_numeric_esac_net_series_locally,False,False,False,v1,2026-07-08
fungal,ISR,2022,28,91.0,3.0,0.03296703296703297,0.061855670103092786,0.9072164948453608,0.9690721649484536,,20.0,1.5436939834410166,22.0,82.7,7.12004995,,,,,,no_numeric_esac_net_series_locally,False,False,False,v1,2026-07-08
fungal,ISR,2023,23,76.0,5.0,0.06578947368421052,0.10240963855421686,0.8554216867469879,0.9397590361445783,0.039673931913802904,20.0,0.9744988594675125,20.0,83.19512195121952,7.09822369,,,,,,no_numeric_esac_net_series_locally,False,False,False,v1,2026-07-08
fungal,ISR,2024,21,73.0,7.0,0.0958904109589041,0.12658227848101267,0.8354430379746836,0.9113924050632911,0.042336952823450034,17.0,0.8554360567941044,17.0,83.19756097560976,,,,,,,no_numeric_esac_net_series_locally,False,False,False,v1,2026-07-08
fungal,ITA,2010,40,164.0,2.0,0.012195121951219513,0.01219512195121951,0.9878048780487805,0.9878048780487805,-0.004267349478353826,18.0,1.362758879397427,18.0,82.03658536585367,8.87928963,,,,,,no_numeric_esac_net_series_locally,False,False,False,v1,2026-07-08
fungal,ITA,2011,71,288.0,2.0,0.006944444444444444,0.0069444444444444475,0.9930555555555556,0.9930555555555556,,21.0,1.3747117601544758,22.0,82.1878048780488,8.728508,,,,,,no_numeric_esac_net_series_locally,False,False,False,v1,2026-07-08
fungal,ITA,2012,94,379.0,5.0,0.013192612137203167,0.013192612137203148,0.9868073878627969,0.9868073878627969,-0.010119586123710401,22.0,1.0634532798375558,22.0,82.23902439024391,8.7983427,,,,,,no_numeric_esac_net_series_locally,False,False,False,v1,2026-07-08
fungal,ITA,2013,48,194.0,2.0,0.010309278350515464,0.010309278350515446,0.9896907216494846,0.9896907216494846,,25.0,0.7848189369732139,26.0,82.69024390243902,8.7897644,,,,,,no_numeric_esac_net_series_locally,False,False,False,v1,2026-07-08
fungal,ITA,2014,180,378.0,7.0,0.018518518518518517,0.06575322604030738,0.8852399594026388,0.9832535885167464,,13.0,1.0207620792103875,17.0,83.09024390243904,8.85913563,,,,,,no_numeric_esac_net_series_locally,False,False,False,v1,2026-07-08
fungal,ITA,2015,207,448.0,3.0,0.006696428571428571,0.06496062992125984,0.8759842519685039,0.9940944881889764,0.017653498773878496,25.0,1.2743967315594493,25.0,82.5439024390244,8.84596729,,,,,,no_numeric_esac_net_series_locally,False,False,False,v1,2026-07-08
fungal,ITA,2016,186,397.0,2.0,0.005037783375314861,0.06430155210643015,0.8758314855875832,0.9955654101995566,0.02036517058998816,26.0,1.291480499657921,26.0,83.24390243902438,8.72043991,,,,,,no_numeric_esac_net_series_locally,False,False,False,v1,2026-07-08
fungal,ITA,2017,201,626.0,15.0,0.023961661341853034,0.03798449612403102,0.9472868217054263,0.9767441860465116,0.006743889027390675,34.0,1.1521143232283912,34.0,82.94634146341465,8.69060516,,,,,,no_numeric_esac_net_series_locally,False,False,False,v1,2026-07-08
fungal,ITA,2018,199,605.0,20.0,0.03305785123966942,0.05158730158730156,0.9285714285714286,0.9682539682539683,-0.0027478662234715154,32.0,1.6161300807103003,32.0,83.34634146341465,8.65467453,,,,,,no_numeric_esac_net_series_locally,False,False,False,v1,2026-07-08
fungal,ITA,2019,199,613.0,3.0,0.004893964110929853,0.022798742138364785,0.9591194968553459,0.9952830188679245,0.004987787254816973,41.0,1.336253907147191,41.0,83.49756097560977,8.61536789,,,,,,no_numeric_esac_net_series_locally,False,False,False,v1,2026-07-08
fungal,ITA,2020,207,637.0,3.0,0.004709576138147566,0.03259259259259259,0.9392592592592592,0.9955555555555555,-0.0012305888143006643,31.0,1.5648769135236762,31.0,82.19512195121952,9.5643034,,,,,,no_numeric_esac_net_series_locally,False,False,False,v1,2026-07-08
fungal,ITA,2021,173,538.0,5.0,0.00929368029739777,0.03439153439153439,0.9400352733686067,0.9911816578483245,0.009121461515879725,29.0,1.4293395594248395,29.0,82.64634146341464,9.28164482,,,,,,no_numeric_esac_net_series_locally,False,False,False,v1,2026-07-08
fungal,ITA,2022,163,513.0,2.0,0.003898635477582846,0.017077798861480073,0.969639468690702,0.9962049335863378,0.0012952583338523076,27.0,1.7744885133600745,27.0,82.7,8.85022926,,,,,,no_numeric_esac_net_series_locally,False,False,False,v1,2026-07-08
fungal,ITA,2023,118,376.0,5.0,0.013297872340425532,0.025906735751295346,0.961139896373057,0.9870466321243523,,24.0,0.9501260017679443,26.0,83.35121951219513,8.40559483,,,,,,no_numeric_esac_net_series_locally,False,False,False,v1,2026-07-08
fungal,ITA,2024,106,316.0,3.0,0.00949367088607595,0.02599388379204893,0.9571865443425076,0.9908256880733946,0.00781724498822763,29.0,1.0243237904540599,29.0,83.95121951219514,,,,,,,no_numeric_esac_net_series_locally,False,False,False,v1,2026-07-08
fungal,JPN,2022,82,237.0,0.0,0.0,0.02976190476190476,0.9404761904761905,1.0,,0.0,1.8119626249619851,36.0,83.99634146341464,12.32275677,,,,,,no_numeric_esac_net_series_locally,False,False,False,v1,2026-07-08
fungal,KOR,2010,20,83.0,3.0,0.03614457831325301,0.03614457831325301,0.963855421686747,0.963855421686747,,22.0,1.3823688106192593,28.0,80.11707317073171,5.79390717,,,,,,no_numeric_esac_net_series_locally,False,False,False,v1,2026-07-08
fungal,KOR,2011,12,50.0,2.0,0.04,0.039999999999999994,0.96,0.96,0.04273268418001618,18.0,0.7160687453118129,18.0,80.56829268292685,5.90292883,,,,,,no_numeric_esac_net_series_locally,False,False,False,v1,2026-07-08
fungal,KOR,2012,52,218.0,7.0,0.03211009174311927,0.03211009174311927,0.9678899082568807,0.9678899082568807,0.04940391670153143,22.0,1.1026905637600248,22.0,80.81951219512196,5.9576025,,,,,,no_numeric_esac_net_series_locally,False,False,False,v1,2026-07-08
fungal,KOR,2013,64,263.0,4.0,0.015209125475285171,0.015209125475285164,0.9847908745247148,0.9847908745247148,,30.0,0.5395445463706172,31.0,81.27073170731707,6.06858635,,,,,,no_numeric_esac_net_series_locally,False,False,False,v1,2026-07-08
fungal,KOR,2014,57,121.0,6.0,0.049586776859504134,0.11347517730496454,0.8156028368794326,0.9574468085106383,0.01814649228848131,18.0,0.670503997240234,18.0,81.7219512195122,6.24487352,,,,,,no_numeric_esac_net_series_locally,False,False,False,v1,2026-07-08
fungal,KOR,2015,67,138.0,0.0,0.0,0.05194805194805195,0.8961038961038961,1.0,0.008706771720551738,16.0,1.7154150485248993,16.0,82.02439024390245,6.46202612,,,,,,no_numeric_esac_net_series_locally,False,False,False,v1,2026-07-08
fungal,KOR,2016,62,136.0,4.0,0.029411764705882353,0.08441558441558442,0.8571428571428571,0.974025974025974,0.021075483854091085,14.0,1.3390396877099415,14.0,82.27560975609758,6.6356945,,,,,,no_numeric_esac_net_series_locally,False,False,False,v1,2026-07-08
fungal,KOR,2017,76,236.0,3.0,0.012711864406779662,0.024793388429752067,0.9628099173553719,0.987603305785124,0.01263847832856224,23.0,1.239067242686428,23.0,82.62682926829268,6.79827499,,,,,,no_numeric_esac_net_series_locally,False,False,False,v1,2026-07-08
fungal,KOR,2018,65,199.0,5.0,0.02512562814070352,0.054245283018867926,0.9150943396226415,0.9764150943396226,,27.0,1.2924312709647148,29.0,82.62682926829268,7.14222002,,,,,,no_numeric_esac_net_series_locally,False,False,False,v1,2026-07-08
fungal,KOR,2019,73,231.0,3.0,0.012987012987012988,0.03319502074688798,0.946058091286307,0.9875518672199171,0.061487156199851394,26.0,1.4161165107758336,26.0,83.22682926829269,7.69397116,,,,,,no_numeric_esac_net_series_locally,False,False,False,v1,2026-07-08
fungal,KOR,2020,65,209.0,2.0,0.009569377990430622,0.02981651376146788,0.9495412844036697,0.9908256880733946,0.03753944972251467,27.0,1.3048503214149196,27.0,83.42682926829269,8.02722836,,,,,,no_numeric_esac_net_series_locally,False,False,False,v1,2026-07-08
fungal,KOR,2021,72,236.0,2.0,0.00847457627118644,0.02845528455284553,0.9512195121951219,0.991869918699187,0.019169063640034355,28.0,1.461710719069144,28.0,83.52682926829269,8.34412766,,,,,,no_numeric_esac_net_series_locally,False,False,False,v1,2026-07-08
fungal,KOR,2022,83,260.0,0.0,0.0,0.018518518518518517,0.9629629629629629,1.0,0.007244475586281233,25.0,1.4545584659699347,25.0,82.68048780487806,8.8595314,,,,,,no_numeric_esac_net_series_locally,False,False,False,v1,2026-07-08
fungal,KOR,2023,49,155.0,6.0,0.03870967741935484,0.05031446540880502,0.9371069182389937,0.9622641509433962,0.00794687443904959,19.0,0.9391464868574521,19.0,83.42926829268293,8.5650692,,,,,,no_numeric_esac_net_series_locally,False,False,False,v1,2026-07-08
fungal,KOR,2024,51,156.0,3.0,0.019230769230769232,0.037037037037037035,0.9444444444444444,0.9814814814814815,0.006952228725189681,27.0,1.4100273693435366,27.0,83.62926829268294,,,,,,,no_numeric_esac_net_series_locally,False,False,False,v1,2026-07-08
fungal,MEX,2010,40,164.0,7.0,0.042682926829268296,0.042682926829268296,0.9573170731707317,0.9573170731707317,0.042479417626987155,28.0,1.1102148262601117,28.0,73.718,5.4897337,,,,,,no_numeric_esac_net_series_locally,False,False,False,v1,2026-07-08
fungal,MEX,2011,48,200.0,11.0,0.055,0.05499999999999998,0.945,0.945,0.0590075244752874,32.0,1.0920362491007773,32.0,73.921,5.30093002,,,,,,no_numeric_esac_net_series_locally,False,False,False,v1,2026-07-08
fungal,MEX,2012,39,170.0,0.0,0.0,0.0,1.0,1.0,-0.006074592597788821,32.0,1.087236014338977,32.0,74.128,5.42140484,,,,,,no_numeric_esac_net_series_locally,False,False,False,v1,2026-07-08
fungal,MEX,2013,39,169.0,7.0,0.04142011834319527,0.0437869822485207,0.9538461538461538,0.9585798816568047,-0.018044557656114107,28.0,1.0068951257016492,28.0,74.289,5.5773263,,,,,,no_numeric_esac_net_series_locally,False,False,False,v1,2026-07-08
fungal,MEX,2014,41,90.0,1.0,0.011111111111111112,0.15079365079365079,0.7063492063492064,0.9920634920634921,0.04341347354267194,16.0,1.0219158127974919,16.0,74.404,5.35336781,,,,,,no_numeric_esac_net_series_locally,False,False,False,v1,2026-07-08
fungal,MEX,2015,41,94.0,2.0,0.02127659574468085,0.16417910447761194,0.6865671641791045,0.9850746268656716,0.04353076754388743,18.0,0.9794229902485708,18.0,74.431,5.52738619,,,,,,no_numeric_esac_net_series_locally,False,False,False,v1,2026-07-08
fungal,MEX,2016,43,92.0,3.0,0.03260869565217391,0.1532258064516129,0.717741935483871,0.9758064516129032,,18.0,1.4136532482532291,20.0,74.376,5.38499022,,,,,,no_numeric_esac_net_series_locally,False,False,False,v1,2026-07-08
fungal,MEX,2017,46,148.0,8.0,0.05405405405405406,0.09259259259259262,0.8641975308641975,0.9506172839506173,0.03240242926681447,19.0,1.4086775006053802,19.0,74.261,5.3117938,,,,,,no_numeric_esac_net_series_locally,False,False,False,v1,2026-07-08
fungal,MEX,2018,57,178.0,2.0,0.011235955056179775,0.03225806451612904,0.946236559139785,0.989247311827957,0.030194606537769893,22.0,1.714901076910225,22.0,74.301,5.23821402,,,,,,no_numeric_esac_net_series_locally,False,False,False,v1,2026-07-08
fungal,MEX,2019,63,201.0,1.0,0.004975124378109453,0.03286384976525822,0.9389671361502347,0.9953051643192489,0.03307994103177027,25.0,1.3120353735186328,25.0,74.53,5.3013463,,,,,,no_numeric_esac_net_series_locally,False,False,False,v1,2026-07-08
fungal,MEX,2020,56,207.0,0.0,0.0,0.016355140186915886,0.9672897196261683,1.0,0.024162942212928556,19.0,1.3268498933018185,19.0,70.449,6.05248594,,,,,,no_numeric_esac_net_series_locally,False,False,False,v1,2026-07-08
fungal,MEX,2021,67,212.0,4.0,0.018867924528301886,0.042600896860986545,0.9327354260089686,0.9820627802690582,0.040619044607741656,22.0,1.6830708448961997,22.0,69.75,5.87678003,,,,,,no_numeric_esac_net_series_locally,False,False,False,v1,2026-07-08
fungal,MEX,2022,44,149.0,1.0,0.006711409395973154,0.05454545454545454,0.896969696969697,0.9939393939393939,0.02899087895314944,25.0,1.846465893260667,25.0,73.973,5.70919704,,,,,,no_numeric_esac_net_series_locally,False,False,False,v1,2026-07-08
fungal,MEX,2023,44,153.0,1.0,0.006535947712418301,0.04242424242424243,0.9212121212121213,0.9939393939393939,0.03841612422194528,27.0,1.292682970686397,27.0,75.069,5.50398684,,,,,,no_numeric_esac_net_series_locally,False,False,False,v1,2026-07-08
fungal,MEX,2024,11,37.0,3.0,0.08108108108108109,0.1125,0.85,0.925,0.058380094914525886,8.0,1.4935506038101043,8.0,75.264,,,,,,,no_numeric_esac_net_series_locally,False,False,False,v1,2026-07-08
fungal,NZL,2011,37,158.0,2.0,0.012658227848101266,0.012658227848101266,0.9873417721518988,0.9873417721518988,,29.0,0.8295657649551414,32.0,81.15609756097562,9.10748196,,,,,,no_numeric_esac_net_series_locally,False,False,False,v1,2026-07-08
fungal,NZL,2012,24,98.0,1.0,0.01020408163265306,0.010204081632653052,0.9897959183673469,0.9897959183673469,,20.0,0.7923971730073525,21.0,81.40731707317073,9.20243168,,,,,,no_numeric_esac_net_series_locally,False,False,False,v1,2026-07-08
fungal,NZL,2013,25,110.0,2.0,0.01818181818181818,0.01818181818181818,0.9818181818181818,0.9818181818181818,,27.0,0.5830802588809523,28.0,81.40487804878049,8.9393549,,,,,,no_numeric_esac_net_series_locally,False,False,False,v1,2026-07-08
fungal,NZL,2014,24,57.0,1.0,0.017543859649122806,0.11267605633802817,0.7887323943661971,0.9859154929577465,0.04027192442917617,16.0,1.039531925023158,16.0,81.4568292682927,8.97204113,,,,,,no_numeric_esac_net_series_locally,False,False,False,v1,2026-07-08
fungal,NZL,2015,25,58.0,2.0,0.034482758620689655,0.11428571428571428,0.8,0.9714285714285714,0.04125531596956602,20.0,0.8336462833487721,20.0,81.61243902439026,8.88920593,,,,,,no_numeric_esac_net_series_locally,False,False,False,v1,2026-07-08
fungal,NZL,2016,51,118.0,1.0,0.00847457627118644,0.11842105263157894,0.7697368421052632,0.993421052631579,0.04186568676104475,18.0,1.368117031968889,18.0,81.65853658536587,8.76869011,,,,,,no_numeric_esac_net_series_locally,False,False,False,v1,2026-07-08
fungal,NZL,2017,36,112.0,8.0,0.07142857142857142,0.10655737704918032,0.8524590163934426,0.9344262295081968,0.03628006066982787,19.0,0.8547110488368432,19.0,81.85853658536587,8.61795807,,,,,,no_numeric_esac_net_series_locally,False,False,False,v1,2026-07-08
fungal,NZL,2018,20,63.0,0.0,0.0,0.0625,0.875,1.0,0.04299446634002348,24.0,1.7348556608876369,24.0,81.70731707317074,8.56966972,,,,,,no_numeric_esac_net_series_locally,False,False,False,v1,2026-07-08
fungal,NZL,2019,25,77.0,0.0,0.0,0.07692307692307693,0.8461538461538461,1.0,0.03555394123267289,22.0,1.3869756637592507,22.0,82.05609756097562,8.61898708,,,,,,no_numeric_esac_net_series_locally,False,False,False,v1,2026-07-08
fungal,NZL,2020,25,77.0,2.0,0.025974025974025976,0.08045977011494253,0.8620689655172413,0.9770114942528736,0.031196059208253777,21.0,1.3041547495192771,21.0,82.25609756097562,9.25240231,,,,,,no_numeric_esac_net_series_locally,False,False,False,v1,2026-07-08
fungal,NZL,2021,33,107.0,0.0,0.0,0.046610169491525424,0.9067796610169492,1.0,0.05508193280693931,31.0,1.772139479409363,31.0,82.20731707317074,9.55072403,,,,,,no_numeric_esac_net_series_locally,False,False,False,v1,2026-07-08
fungal,NZL,2022,29,95.0,2.0,0.021052631578947368,0.07075471698113207,0.8773584905660378,0.9811320754716981,0.046267460762761274,29.0,1.673711778653638,29.0,81.95853658536585,10.56814575,,,,,,no_numeric_esac_net_series_locally,False,False,False,v1,2026-07-08
fungal,NZL,2023,24,77.0,6.0,0.07792207792207792,0.12209302325581395,0.8255813953488372,0.9302325581395349,0.04717923203306993,25.0,1.1380738358713551,25.0,81.75853658536587,10.12947655,,,,,,no_numeric_esac_net_series_locally,False,False,False,v1,2026-07-08
fungal,NZL,2024,33,100.0,4.0,0.04,0.08928571428571432,0.8571428571428571,0.9642857142857143,0.024965660874355602,24.0,1.3034177056258052,24.0,82.00975609756098,,,,,,,no_numeric_esac_net_series_locally,False,False,False,v1,2026-07-08
fungal,PAN,2021,36,114.0,6.0,0.05263157894736842,0.0984251968503937,0.8503937007874016,0.952755905511811,-0.2322305675559217,17.0,1.42060285188616,17.0,77.004,9.13571072,,,,,,no_numeric_esac_net_series_locally,False,False,False,v1,2026-07-08
fungal,PAN,2022,35,114.0,3.0,0.02631578947368421,0.08778625954198473,0.8473282442748091,0.9770992366412213,-0.20320463631533153,20.0,1.7451140105162595,20.0,79.324,9.04578876,,,,,,no_numeric_esac_net_series_locally,False,False,False,v1,2026-07-08
fungal,PAN,2023,30,93.0,5.0,0.053763440860215055,0.0970873786407767,0.8543689320388349,0.9514563106796117,-0.28422225222319714,14.0,1.0410656148422615,14.0,79.594,8.33022976,,,,,,no_numeric_esac_net_series_locally,False,False,False,v1,2026-07-08
fungal,PAN,2024,18,59.0,2.0,0.03389830508474576,0.08333333333333333,0.8636363636363636,0.9696969696969697,-0.1677396283348393,17.0,0.9862340639377781,17.0,79.775,,,,,,,no_numeric_esac_net_series_locally,False,False,False,v1,2026-07-08
fungal,PHL,2018,34,111.0,0.0,0.0,0.06640625,0.8671875,1.0,,19.0,1.7358343619400505,22.0,69.761,3.9538188,,,,,,no_numeric_esac_net_series_locally,False,False,False,v1,2026-07-08
fungal,PHL,2019,34,104.0,0.0,0.0,0.06666666666666667,0.8666666666666667,1.0,0.017719044206223857,14.0,1.4001268729932608,14.0,69.68,4.16646004,,,,,,no_numeric_esac_net_series_locally,False,False,False,v1,2026-07-08
fungal,PHL,2020,25,75.0,3.0,0.04,0.11235955056179775,0.8089887640449438,0.9662921348314607,0.013408495577703192,12.0,1.6792306536647612,12.0,70.097,5.16214037,,,,,,no_numeric_esac_net_series_locally,False,False,False,v1,2026-07-08
fungal,PHL,2021,26,79.0,0.0,0.0,0.04597701149425287,0.9080459770114943,1.0,0.026567714065338706,14.0,2.152959593376562,14.0,66.675,5.97500563,,,,,,no_numeric_esac_net_series_locally,False,False,False,v1,2026-07-08
fungal,PHL,2022,21,71.0,1.0,0.014084507042253521,0.07407407407407407,0.8641975308641975,0.9876543209876543,-0.010138682636758142,14.0,2.310577791362695,14.0,69.472,5.15588379,,,,,,no_numeric_esac_net_series_locally,False,False,False,v1,2026-07-08
fungal,PHL,2023,13,41.0,0.0,0.0,0.10576923076923077,0.7884615384615384,1.0,0.025945892004692852,17.0,1.6815194884111482,17.0,69.833,5.10122538,,,,,,no_numeric_esac_net_series_locally,False,False,False,v1,2026-07-08
fungal,PHL,2024,11,33.0,0.0,0.0,0.07692307692307693,0.8461538461538461,1.0,0.041084252200771464,9.0,1.534782744836038,9.0,69.946,,,,,,,no_numeric_esac_net_series_locally,False,False,False,v1,2026-07-08
fungal,PRT,2010,38,152.0,16.0,0.10526315789473684,0.10526315789473684,0.8947368421052632,0.8947368421052632,0.01680457201372622,8.0,0.5205117590664943,8.0,79.02682926829269,10.01858425,,,,,,no_numeric_esac_net_series_locally,False,False,False,v1,2026-07-08
fungal,PRT,2011,58,258.0,4.0,0.015503875968992248,0.015503875968992243,0.9844961240310077,0.9844961240310077,,33.0,0.7039684447940256,39.0,80.47073170731709,9.71847439,,,,,,no_numeric_esac_net_series_locally,False,False,False,v1,2026-07-08
fungal,PRT,2012,40,183.0,6.0,0.03278688524590164,0.03278688524590167,0.9672131147540983,0.9672131147540983,0.03593954894212646,22.0,0.9029219985955255,22.0,80.37317073170732,9.64000225,,,,,,no_numeric_esac_net_series_locally,False,False,False,v1,2026-07-08
fungal,PRT,2013,54,272.0,1.0,0.003676470588235294,0.00505514705882353,0.9935661764705882,0.9963235294117647,0.0048909114077557835,38.0,1.2955964457566873,38.0,80.7219512195122,9.39476109,,,,,,no_numeric_esac_net_series_locally,False,False,False,v1,2026-07-08
fungal,PRT,2014,10,20.0,1.0,0.05,0.2,0.6333333333333333,0.9666666666666667,0.06027544382233605,8.0,0.8117787378107136,8.0,81.12195121951221,9.33570766,,,,,,no_numeric_esac_net_series_locally,False,False,False,v1,2026-07-08
fungal,PRT,2015,12,28.0,0.0,0.0,0.16666666666666666,0.6666666666666666,1.0,0.014951668806237672,14.0,1.513741860779166,14.0,81.12439024390245,9.33309937,,,,,,no_numeric_esac_net_series_locally,False,False,False,v1,2026-07-08
fungal,PRT,2016,18,44.0,2.0,0.045454545454545456,0.16666666666666666,0.7,0.9666666666666667,0.03393548156541988,16.0,1.244251625135093,16.0,81.12439024390245,9.39989281,,,,,,no_numeric_esac_net_series_locally,False,False,False,v1,2026-07-08
fungal,PRT,2017,10,34.0,1.0,0.029411764705882353,0.1,0.825,0.975,-0.014134009211702733,8.0,1.5657521987121845,8.0,81.42439024390245,9.32668972,,,,,,no_numeric_esac_net_series_locally,False,False,False,v1,2026-07-08
fungal,PRT,2018,4,14.0,0.0,0.0,0.1111111111111111,0.7777777777777778,1.0,0.04183107337738183,11.0,2.363112261626373,11.0,81.32439024390244,9.42121029,,,,,,no_numeric_esac_net_series_locally,False,False,False,v1,2026-07-08
fungal,PRT,2019,2,6.0,0.0,0.0,0.07142857142857142,0.8571428571428571,1.0,0.0261043922763551,3.0,1.1666666666666667,3.0,81.67560975609757,9.50868607,,,,,,no_numeric_esac_net_series_locally,False,False,False,v1,2026-07-08
fungal,PRT,2020,5,15.0,0.0,0.0,0.058823529411764705,0.8823529411764706,1.0,0.02170744210839483,6.0,1.9333333333333333,6.0,81.32926829268293,10.52074051,,,,,,no_numeric_esac_net_series_locally,False,False,False,v1,2026-07-08
fungal,PRT,2021,11,33.0,0.0,0.0,0.06578947368421052,0.868421052631579,1.0,0.02410577856364588,6.0,1.5757575757575757,6.0,81.3780487804878,11.22031498,,,,,,no_numeric_esac_net_series_locally,False,False,False,v1,2026-07-08
fungal,PRT,2022,3,11.0,0.0,0.0,0.07692307692307693,0.8461538461538461,1.0,0.06051526836782525,8.0,0.9321374906236259,8.0,81.6317073170732,10.5492239,,,,,,no_numeric_esac_net_series_locally,False,False,False,v1,2026-07-08
fungal,PRT,2023,1,3.0,1.0,0.3333333333333333,0.375,0.5,0.75,0.0261043922763551,3.0,1.4802973661668753e-16,3.0,82.32926829268294,10.02761173,,,,,,no_numeric_esac_net_series_locally,False,False,False,v1,2026-07-08
fungal,PRT,2024,1,3.0,0.0,0.0,0.125,0.75,1.0,0.0261043922763551,3.0,0.6666666666666665,3.0,82.3829268292683,,,,,,,no_numeric_esac_net_series_locally,False,False,False,v1,2026-07-08
fungal,ROU,2014,17,39.0,1.0,0.02564102564102564,0.1864406779661017,0.6440677966101694,0.9830508474576272,,14.0,1.1117787378107138,20.0,74.90975609756099,5.0276823,,,,,,no_numeric_esac_net_series_locally,False,False,False,v1,2026-07-08
fungal,ROU,2015,10,22.0,0.0,0.0,0.07692307692307693,0.8461538461538461,1.0,,6.0,1.2965744740877974,10.0,74.91219512195123,4.94292021,,,,,,no_numeric_esac_net_series_locally,False,False,False,v1,2026-07-08
fungal,ROU,2023,27,85.0,3.0,0.03529411764705882,0.07065217391304347,0.8913043478260869,0.967391304347826,,21.0,0.8869390182972217,25.0,76.40487804878049,5.70901489,,,,,,no_numeric_esac_net_series_locally,False,False,False,v1,2026-07-08
fungal,ROU,2024,18,53.0,0.0,0.0,0.04310344827586207,0.9137931034482759,1.0,0.07428974295547912,19.0,1.4509881876726185,19.0,76.45853658536586,,,,,,,no_numeric_esac_net_series_locally,False,False,False,v1,2026-07-08
fungal,RUS,2012,3,15.0,0.0,0.0,0.0,1.0,1.0,,4.0,0.636042566697544,16.0,70.07219512195124,4.93637276,,,,,,no_numeric_esac_net_series_locally,False,False,False,v1,2026-07-08
fungal,RUS,2013,17,68.0,1.0,0.014705882352941176,0.014705882352941176,0.9852941176470589,0.9852941176470589,,8.0,0.7854743503437496,16.0,70.57878048780488,5.08104849,,,,,,no_numeric_esac_net_series_locally,False,False,False,v1,2026-07-08
fungal,RUS,2015,4,8.0,0.0,0.0,0.21428571428571427,0.5714285714285714,1.0,0.29464285714285005,6.0,1.7573617111316961,6.0,71.18341463414635,5.29604626,,,,,,no_numeric_esac_net_series_locally,False,False,False,v1,2026-07-08
fungal,SGP,2011,31,130.0,0.0,0.0,0.0,1.0,1.0,-0.08001733645820243,21.0,0.9459133547769807,21.0,81.7439024390244,3.1539185,,,,,,no_numeric_esac_net_series_locally,False,False,False,v1,2026-07-08
fungal,SGP,2012,33,138.0,6.0,0.043478260869565216,0.043478260869565244,0.9565217391304348,0.9565217391304348,-0.050922698712145914,18.0,0.5674078074211306,18.0,81.99512195121952,3.32392788,,,,,,no_numeric_esac_net_series_locally,False,False,False,v1,2026-07-08
fungal,SGP,2013,23,97.0,4.0,0.041237113402061855,0.04123711340206186,0.9587628865979382,0.9587628865979382,,19.0,0.3257551245422841,26.0,82.24634146341465,3.68225336,,,,,,no_numeric_esac_net_series_locally,False,False,False,v1,2026-07-08
fungal,SGP,2014,35,83.0,2.0,0.024096385542168676,0.07526881720430109,0.8709677419354839,0.978494623655914,0.3023913137074821,12.0,0.6237854722479534,12.0,82.49512195121953,3.87132597,,,,,,no_numeric_esac_net_series_locally,False,False,False,v1,2026-07-08
fungal,SGP,2015,37,86.0,0.0,0.0,0.052083333333333336,0.8958333333333334,1.0,0.21256737643225135,11.0,1.4135585760086578,11.0,82.7439024390244,4.18061399,,,,,,no_numeric_esac_net_series_locally,False,False,False,v1,2026-07-08
fungal,SVK,2010,22,85.0,2.0,0.023529411764705882,0.023529411764705882,0.9764705882352941,0.9764705882352941,-0.08716764636018731,24.0,1.1226600340583206,24.0,75.11219512195122,7.67065239,,,,,,no_numeric_esac_net_series_locally,False,False,False,v1,2026-07-08
fungal,SVK,2011,37,137.0,5.0,0.0364963503649635,0.0364963503649635,0.9635036496350365,0.9635036496350365,,27.0,0.7215784498008331,28.0,75.95853658536586,7.31452227,,,,,,no_numeric_esac_net_series_locally,False,False,False,v1,2026-07-08
fungal,SVK,2023,26,77.0,2.0,0.025974025974025976,0.10752688172043011,0.8064516129032258,0.978494623655914,,22.0,1.005816660647266,24.0,78.11951219512196,7.35262203,,,,,,no_numeric_esac_net_series_locally,False,False,False,v1,2026-07-08
fungal,SVK,2024,30,91.0,8.0,0.08791208791208792,0.14622641509433962,0.7830188679245284,0.9245283018867925,,23.0,0.6413083189929963,24.0,78.37073170731709,,,,,,,no_numeric_esac_net_series_locally,False,False,False,v1,2026-07-08
fungal,SVN,2014,33,77.0,3.0,0.03896103896103896,0.13114035087719297,0.769298245614035,0.968421052631579,-0.007862933247552174,29.0,0.9466541374811044,29.0,81.0780487804878,8.58487225,,,,,,no_numeric_esac_net_series_locally,False,False,False,v1,2026-07-08
fungal,SVN,2015,39,106.0,2.0,0.018867924528301886,0.0603448275862069,0.896551724137931,0.9827586206896551,-0.020001662139600456,14.0,1.0623385233904583,14.0,80.77560975609757,8.57742882,,,,,,no_numeric_esac_net_series_locally,False,False,False,v1,2026-07-08
fungal,SVN,2016,26,70.0,0.0,0.0,0.07317073170731707,0.8536585365853658,1.0,-0.019154363346789074,24.0,1.0518257396943025,24.0,81.17560975609757,8.5691185,,,,,,no_numeric_esac_net_series_locally,False,False,False,v1,2026-07-08
fungal,SVN,2017,15,48.0,1.0,0.020833333333333332,0.057692307692307696,0.9038461538461539,0.9807692307692307,0.0020267910151620357,18.0,1.02775753797035,18.0,81.02926829268294,8.2588892,,,,,,no_numeric_esac_net_series_locally,False,False,False,v1,2026-07-08
fungal,SVN,2018,62,211.0,10.0,0.04739336492890995,0.06787330316742081,0.9095022624434389,0.9547511312217195,-0.01518301513297701,32.0,1.5720046430814398,32.0,81.3780487804878,8.35228634,,,,,,no_numeric_esac_net_series_locally,False,False,False,v1,2026-07-08
fungal,SVN,2019,30,94.0,2.0,0.02127659574468085,0.0360824742268041,0.9484536082474226,0.979381443298969,-0.02427917999934243,18.0,1.3941793170257928,18.0,81.52926829268293,8.56564522,,,,,,no_numeric_esac_net_series_locally,False,False,False,v1,2026-07-08
fungal,SVN,2020,60,194.0,1.0,0.005154639175257732,0.029411764705882353,0.946078431372549,0.9950980392156863,-0.008862876684701383,31.0,0.8758508806409604,31.0,80.53170731707318,9.48984432,,,,,,no_numeric_esac_net_series_locally,False,False,False,v1,2026-07-08
fungal,SVN,2021,105,327.0,3.0,0.009174311926605505,0.03206997084548104,0.9446064139941691,0.9912536443148688,-0.017796805274917536,31.0,1.1828980570286685,31.0,80.67560975609756,9.52724361,,,,,,no_numeric_esac_net_series_locally,False,False,False,v1,2026-07-08
fungal,SVN,2022,62,200.0,0.0,0.0,0.023809523809523808,0.9523809523809523,1.0,,27.0,1.2325946845374323,28.0,81.28292682926829,9.62683296,,,,,,no_numeric_esac_net_series_locally,False,False,False,v1,2026-07-08
fungal,SVN,2023,62,191.0,11.0,0.05759162303664921,0.07960199004975124,0.8955223880597015,0.945273631840796,-0.012227031106291211,25.0,0.9508115280345288,25.0,81.92926829268292,9.30008888,,,,,,no_numeric_esac_net_series_locally,False,False,False,v1,2026-07-08
fungal,SVN,2024,49,166.0,2.0,0.012048192771084338,0.03448275862068968,0.9425287356321839,0.9885057471264368,-0.014092268847939446,33.0,0.9779138238248727,33.0,82.28536585365855,,,,,,,no_numeric_esac_net_series_locally,False,False,False,v1,2026-07-08
fungal,SWE,2010,30,125.0,8.0,0.064,0.06399999999999999,0.936,0.936,-0.002837167814407538,22.0,1.0077014824146973,22.0,81.45121951219514,8.32384682,,,,,,no_numeric_esac_net_series_locally,False,False,False,v1,2026-07-08
fungal,SWE,2011,25,100.0,3.0,0.03,0.03,0.97,0.97,,28.0,1.0257070930057208,29.0,81.80243902439025,10.50179005,,,,,,no_numeric_esac_net_series_locally,False,False,False,v1,2026-07-08
fungal,SWE,2012,21,87.0,0.0,0.0,0.0,1.0,1.0,,29.0,0.8488419249984632,35.0,81.7048780487805,10.834198,,,,,,no_numeric_esac_net_series_locally,False,False,False,v1,2026-07-08
fungal,SWE,2013,13,51.0,2.0,0.0392156862745098,0.039215686274509796,0.9607843137254902,0.9607843137254902,-0.003910489048741296,17.0,0.2674845484369945,17.0,81.9560975609756,10.9872179,,,,,,no_numeric_esac_net_series_locally,False,False,False,v1,2026-07-08
fungal,SWE,2014,20,40.0,0.0,0.0,0.12962962962962962,0.7407407407407407,1.0,0.048616790628824263,11.0,1.176477433078397,11.0,82.25365853658538,11.07212639,,,,,,no_numeric_esac_net_series_locally,False,False,False,v1,2026-07-08
fungal,SWE,2015,20,44.0,0.0,0.0,0.06,0.88,1.0,0.044239818050377494,8.0,1.088241140754464,8.0,82.2048780487805,10.93069172,,,,,,no_numeric_esac_net_series_locally,False,False,False,v1,2026-07-08
fungal,SWE,2016,17,37.0,1.0,0.02702702702702703,0.1276595744680851,0.7659574468085106,0.9787234042553191,0.03867574484522287,12.0,1.1353063955843745,12.0,82.30731707317074,10.95692444,,,,,,no_numeric_esac_net_series_locally,False,False,False,v1,2026-07-08
fungal,SWE,2017,7,21.0,0.0,0.0,0.043478260869565216,0.9130434782608695,1.0,0.05156895630872322,6.0,1.3809523809523807,6.0,82.40975609756099,10.94730949,,,,,,no_numeric_esac_net_series_locally,False,False,False,v1,2026-07-08
fungal,SWE,2018,42,131.0,3.0,0.022900763358778626,0.08053691275167785,0.8590604026845637,0.9798657718120806,0.029893213647982926,29.0,1.576814438311631,29.0,82.55853658536586,11.09132671,,,,,,no_numeric_esac_net_series_locally,False,False,False,v1,2026-07-08
fungal,SWE,2019,23,67.0,1.0,0.014925373134328358,0.09375,0.825,0.9875,0.009222719210192833,28.0,1.4110267487559516,28.0,83.10975609756099,10.93444347,,,,,,no_numeric_esac_net_series_locally,False,False,False,v1,2026-07-08
fungal,SWE,2020,27,86.0,0.0,0.0,0.061224489795918366,0.8775510204081632,1.0,0.024020337060309416,23.0,1.2633126721865644,23.0,82.35609756097561,11.42458725,,,,,,no_numeric_esac_net_series_locally,False,False,False,v1,2026-07-08
fungal,SWE,2021,3,9.0,0.0,0.0,0.125,0.75,1.0,0.05294268935068665,6.0,2.1176548543392855,6.0,83.05609756097562,11.23013592,,,,,,no_numeric_esac_net_series_locally,False,False,False,v1,2026-07-08
fungal,SWE,2022,39,122.0,0.0,0.0,0.05474452554744526,0.8905109489051095,1.0,0.039728185349267225,16.0,1.858003997240234,16.0,83.05853658536587,10.85505676,,,,,,no_numeric_esac_net_series_locally,False,False,False,v1,2026-07-08
fungal,SWE,2023,19,55.0,3.0,0.05454545454545454,0.13970588235294118,0.7647058823529411,0.9558823529411765,0.046397152823386974,8.0,1.2973338569876618,8.0,83.30975609756099,11.152915,,,,,,no_numeric_esac_net_series_locally,False,False,False,v1,2026-07-08
fungal,SWE,2024,25,77.0,0.0,0.0,0.0625,0.875,1.0,0.027531269853866547,27.0,1.1084025907819017,27.0,84.06341463414634,,,,,,,no_numeric_esac_net_series_locally,False,False,False,v1,2026-07-08
fungal,THA,2011,32,139.0,1.0,0.007194244604316547,0.007194244604316545,0.9928057553956835,0.9928057553956835,,23.0,0.9906182173159715,24.0,75.302,3.56825495,,,,,,no_numeric_esac_net_series_locally,False,False,False,v1,2026-07-08
fungal,THA,2012,18,77.0,4.0,0.05194805194805195,0.05194805194805195,0.948051948051948,0.948051948051948,0.02687039009177029,30.0,0.9000149089238834,30.0,75.59,3.5229404,,,,,,no_numeric_esac_net_series_locally,False,False,False,v1,2026-07-08
fungal,THA,2013,48,185.0,5.0,0.02702702702702703,0.02702702702702703,0.972972972972973,0.972972972972973,0.010377085627823007,34.0,0.8890265438784977,34.0,75.96,3.45313334,,,,,,no_numeric_esac_net_series_locally,False,False,False,v1,2026-07-08
fungal,THA,2014,30,76.0,4.0,0.05263157894736842,0.10465116279069768,0.8372093023255814,0.9534883720930233,0.03422077811506194,22.0,1.182941374559886,22.0,76.279,3.68448091,,,,,,no_numeric_esac_net_series_locally,False,False,False,v1,2026-07-08
fungal,THA,2015,25,63.0,5.0,0.07936507936507936,0.136986301369863,0.7945205479452054,0.9315068493150684,0.027795313318531443,16.0,1.3019124000217959,16.0,76.563,3.8522861,,,,,,no_numeric_esac_net_series_locally,False,False,False,v1,2026-07-08
fungal,THA,2016,33,87.0,5.0,0.05747126436781609,0.1592920353982301,0.7256637168141593,0.9557522123893806,0.0213106594758438,19.0,1.4674445400681635,19.0,76.769,3.93900609,,,,,,no_numeric_esac_net_series_locally,False,False,False,v1,2026-07-08
fungal,THA,2017,35,106.0,6.0,0.05660377358490566,0.07657657657657657,0.9009009009009009,0.9459459459459459,0.052322154998604146,25.0,1.063942279428882,25.0,76.989,3.85276842,,,,,,no_numeric_esac_net_series_locally,False,False,False,v1,2026-07-08
fungal,THA,2018,33,102.0,1.0,0.00980392156862745,0.03271028037383177,0.9439252336448598,0.9906542056074766,0.06561437476626868,26.0,1.2384707131839283,26.0,77.19,3.87040329,,,,,,no_numeric_esac_net_series_locally,False,False,False,v1,2026-07-08
fungal,THA,2019,33,105.0,1.0,0.009523809523809525,0.08130081300813008,0.8455284552845529,0.991869918699187,0.0340305798259122,37.0,1.4633833715847422,37.0,77.197,3.78911877,,,,,,no_numeric_esac_net_series_locally,False,False,False,v1,2026-07-08
fungal,THA,2020,33,109.0,3.0,0.027522935779816515,0.09448818897637795,0.8346456692913385,0.9763779527559056,,26.0,1.208408495639763,34.0,77.331,4.35724688,,,,,,no_numeric_esac_net_series_locally,False,False,False,v1,2026-07-08
fungal,THA,2021,31,94.0,4.0,0.0425531914893617,0.08252427184466021,0.8737864077669902,0.9611650485436893,0.06784305366150728,23.0,1.5952374266536418,23.0,77.606,5.15399981,,,,,,no_numeric_esac_net_series_locally,False,False,False,v1,2026-07-08
fungal,THA,2022,24,73.0,0.0,0.0,0.07058823529411765,0.8588235294117647,1.0,,16.0,1.5357814943187738,17.0,75.291,5.35471153,,,,,,no_numeric_esac_net_series_locally,False,False,False,v1,2026-07-08
fungal,THA,2023,21,61.0,2.0,0.03278688524590164,0.09285714285714286,0.8428571428571429,0.9714285714285714,0.07148808738080925,22.0,1.5705182271176612,22.0,76.412,4.53787661,,,,,,no_numeric_esac_net_series_locally,False,False,False,v1,2026-07-08
fungal,THA,2024,32,88.0,3.0,0.03409090909090909,0.07731958762886598,0.8762886597938144,0.9690721649484536,0.05872497861729993,25.0,1.2986953199776348,25.0,76.564,,,,,,,no_numeric_esac_net_series_locally,False,False,False,v1,2026-07-08
fungal,TUR,2010,44,166.0,6.0,0.03614457831325301,0.047058823529411764,0.9411764705882353,0.9647058823529412,,21.0,1.3401948326887905,22.0,74.964,5.02053452,,,,,,no_numeric_esac_net_series_locally,False,False,False,v1,2026-07-08
fungal,TUR,2011,35,138.0,4.0,0.028985507246376812,0.028985507246376812,0.9710144927536232,0.9710144927536232,0.004342864621343848,18.0,0.886200443182453,18.0,74.823,4.6530509,,,,,,no_numeric_esac_net_series_locally,False,False,False,v1,2026-07-08
fungal,TUR,2012,76,318.0,3.0,0.009433962264150943,0.009433962264150943,0.9905660377358491,0.9905660377358491,0.026047071385404543,26.0,0.6064896230368435,26.0,75.552,4.44444656,,,,,,no_numeric_esac_net_series_locally,False,False,False,v1,2026-07-08
fungal,TUR,2013,78,313.0,4.0,0.012779552715654952,0.012779552715654955,0.987220447284345,0.987220447284345,0.008733086150851832,27.0,0.5631065180675031,27.0,76.171,4.37099934,,,,,,no_numeric_esac_net_series_locally,False,False,False,v1,2026-07-08
fungal,TUR,2014,71,157.0,5.0,0.03184713375796178,0.12690355329949238,0.7715736040609137,0.9746192893401016,0.015434616911385072,17.0,0.8086661895549051,17.0,76.452,4.32517862,,,,,,no_numeric_esac_net_series_locally,False,False,False,v1,2026-07-08
fungal,TUR,2015,75,161.0,4.0,0.024844720496894408,0.06285714285714286,0.8971428571428571,0.9771428571428571,0.005298790568257204,26.0,1.5359940005412809,26.0,76.539,4.11690426,,,,,,no_numeric_esac_net_series_locally,False,False,False,v1,2026-07-08
fungal,TUR,2016,62,138.0,0.0,0.0,0.11235955056179775,0.7752808988764045,1.0,0.011441347255264061,21.0,1.2272262611614142,21.0,76.595,4.28469229,,,,,,no_numeric_esac_net_series_locally,False,False,False,v1,2026-07-08
fungal,TUR,2017,71,223.0,4.0,0.017937219730941704,0.05761316872427984,0.9012345679012346,0.9835390946502057,,29.0,1.0337889499489383,34.0,77.037,4.17974997,,,,,,no_numeric_esac_net_series_locally,False,False,False,v1,2026-07-08
fungal,TUR,2018,71,220.0,1.0,0.004545454545454545,0.03617021276595746,0.9319148936170213,0.9957446808510638,0.01490456011830814,27.0,1.461042566697544,27.0,77.454,4.12101603,,,,,,no_numeric_esac_net_series_locally,False,False,False,v1,2026-07-08
fungal,TUR,2019,73,231.0,0.0,0.0,0.03614457831325301,0.927710843373494,1.0,0.015740464336385828,24.0,1.398347477200365,24.0,77.737,4.35954332,,,,,,no_numeric_esac_net_series_locally,False,False,False,v1,2026-07-08
fungal,TUR,2020,31,95.0,4.0,0.042105263157894736,0.08571428571428572,0.8666666666666667,0.9619047619047619,0.013098749055355045,32.0,1.0662471036622145,32.0,76.525,4.61640215,,,,,,no_numeric_esac_net_series_locally,False,False,False,v1,2026-07-08
fungal,TUR,2021,33,101.0,3.0,0.0297029702970297,0.06818181818181818,0.8909090909090909,0.9727272727272728,,35.0,1.093931712445978,36.0,75.722,4.56065559,,,,,,no_numeric_esac_net_series_locally,False,False,False,v1,2026-07-08
fungal,TUR,2022,79,248.0,0.0,0.0,0.026717557251908396,0.9465648854961832,1.0,0.01135931317508088,32.0,1.319525502836266,32.0,77.591,3.70338893,,,,,,no_numeric_esac_net_series_locally,False,False,False,v1,2026-07-08
fungal,TUR,2023,47,151.0,4.0,0.026490066225165563,0.06666666666666667,0.8909090909090909,0.9757575757575757,0.034385997906615756,29.0,0.9415446717606921,29.0,77.156,4.27524424,,,,,,no_numeric_esac_net_series_locally,False,False,False,v1,2026-07-08
fungal,TUR,2024,40,129.0,0.0,0.0,0.0784313725490196,0.8431372549019608,1.0,0.009872671057164259,32.0,1.0969743387370683,32.0,77.421,,,,,,,no_numeric_esac_net_series_locally,False,False,False,v1,2026-07-08
fungal,TWN,2010,3,12.0,0.0,0.0,0.0,1.0,1.0,,3.0,1.5,4.0,,,,,,,,no_numeric_esac_net_series_locally,False,False,False,v1,2026-07-08
fungal,TWN,2019,30,95.0,0.0,0.0,0.020202020202020204,0.9595959595959596,1.0,-0.028161036454066674,14.0,1.511778737810714,14.0,,,,,,,,no_numeric_esac_net_series_locally,False,False,False,v1,2026-07-08
fungal,TWN,2020,30,94.0,4.0,0.0425531914893617,0.06122448979591836,0.9183673469387755,0.9591836734693877,,14.0,1.1206292830793645,16.0,,,,,,,,no_numeric_esac_net_series_locally,False,False,False,v1,2026-07-08
fungal,TWN,2021,30,95.0,4.0,0.042105263157894736,0.06060606060606061,0.9191919191919192,0.9595959595959596,-0.031559297351566616,19.0,1.3633341804212182,19.0,,,,,,,,no_numeric_esac_net_series_locally,False,False,False,v1,2026-07-08
fungal,TWN,2022,28,89.0,1.0,0.011235955056179775,0.03225806451612903,0.946236559139785,0.989247311827957,-0.031509767695468205,19.0,1.4571188055812867,19.0,,,,,,,,no_numeric_esac_net_series_locally,False,False,False,v1,2026-07-08
fungal,TWN,2023,17,51.0,1.0,0.0196078431372549,0.05454545454545454,0.9090909090909091,0.9818181818181818,,19.0,1.4044255460640938,21.0,,,,,,,,no_numeric_esac_net_series_locally,False,False,False,v1,2026-07-08
fungal,UKR,2012,4,16.0,0.0,0.0,0.0,1.0,1.0,0.43750000000020217,8.0,0.8272234222633922,8.0,71.09,7.11789227,,,,,,no_numeric_esac_net_series_locally,False,False,False,v1,2026-07-08
fungal,UKR,2013,2,8.0,0.0,0.0,0.0,1.0,1.0,0.43750000000020217,8.0,1.264723422263392,8.0,71.474,6.94358015,,,,,,no_numeric_esac_net_series_locally,False,False,False,v1,2026-07-08
fungal,USA,2010,736,3085.0,256.0,0.08298217179902755,0.08329204656890984,0.9163980786612079,0.9170178282009724,0.027758517107148828,47.0,0.769188123645931,47.0,78.54146341463415,16.19722366,,,,,,no_numeric_esac_net_series_locally,False,False,False,v1,2026-07-08
fungal,USA,2011,454,1924.0,72.0,0.037422037422037424,0.03742203742203743,0.9625779625779626,0.9625779625779626,0.029568328172354993,47.0,0.6664548944592763,47.0,78.64146341463415,16.14000511,,,,,,no_numeric_esac_net_series_locally,False,False,False,v1,2026-07-08
fungal,USA,2012,354,1495.0,77.0,0.05150501672240803,0.05150501672240804,0.948494983277592,0.948494983277592,0.03045312267831819,47.0,0.6909424393722144,47.0,78.74146341463415,16.11975479,,,,,,no_numeric_esac_net_series_locally,False,False,False,v1,2026-07-08
fungal,USA,2013,337,1391.0,63.0,0.04529115744069015,0.04564600269129385,0.9539991520581025,0.9547088425593099,0.03045401096657496,54.0,0.6350496376362159,54.0,78.74146341463415,15.95227051,,,,,,no_numeric_esac_net_series_locally,False,False,False,v1,2026-07-08
fungal,USA,2014,263,609.0,33.0,0.054187192118226604,0.10709117221418235,0.8335745296671491,0.9522431259044862,0.039588350694460796,27.0,0.6633240814414665,27.0,78.84146341463415,16.1415844,,,,,,no_numeric_esac_net_series_locally,False,False,False,v1,2026-07-08
fungal,USA,2015,382,925.0,17.0,0.018378378378378378,0.06280667320902845,0.8910696761530913,0.9833169774288518,0.036196991555896195,33.0,1.2497476018966391,33.0,78.69024390243904,16.40155411,,,,,,no_numeric_esac_net_series_locally,False,False,False,v1,2026-07-08
fungal,USA,2016,384,897.0,24.0,0.026755852842809364,0.06990881458966565,0.8844984802431611,0.9756838905775076,0.04173133751206601,35.0,1.194353324274238,35.0,78.53902439024391,16.69203949,,,,,,no_numeric_esac_net_series_locally,False,False,False,v1,2026-07-08
fungal,USA,2017,333,1060.0,57.0,0.05377358490566038,0.06803652968036529,0.9159817351598174,0.947945205479452,0.03158299294350656,41.0,1.2514651496106544,41.0,78.53902439024391,16.63827515,,,,,,no_numeric_esac_net_series_locally,False,False,False,v1,2026-07-08
fungal,USA,2018,349,1092.0,31.0,0.028388278388278388,0.05316840277777776,0.9205729166666666,0.9730902777777778,0.029577764110088226,38.0,1.2540557903805487,38.0,78.63902439024392,16.51312637,,,,,,no_numeric_esac_net_series_locally,False,False,False,v1,2026-07-08
fungal,USA,2019,587,1888.0,50.0,0.026483050847457626,0.040359897172236495,0.944987146529563,0.974293059125964,0.03266304446544256,41.0,1.1557249576827364,41.0,78.78780487804877,16.54486084,,,,,,no_numeric_esac_net_series_locally,False,False,False,v1,2026-07-08
fungal,USA,2020,535,1689.0,50.0,0.02960331557134399,0.0472934472934473,0.933903133903134,0.9715099715099715,0.033368074965631246,46.0,1.235339643526785,46.0,76.98048780487805,18.51597404,,,,,,no_numeric_esac_net_series_locally,False,False,False,v1,2026-07-08
fungal,USA,2021,551,1770.0,70.0,0.03954802259887006,0.059935205183585326,0.91792656587473,0.9622030237580994,0.03535747907651737,46.0,1.3195197717308935,46.0,76.32926829268293,17.35207748,,,,,,no_numeric_esac_net_series_locally,False,False,False,v1,2026-07-08
fungal,USA,2022,477,1547.0,23.0,0.014867485455720749,0.03414028553693358,0.9459962756052142,0.9857231533209186,0.034324429176041366,38.0,1.4518308808332059,38.0,77.43414634146343,16.52875137,,,,,,no_numeric_esac_net_series_locally,False,False,False,v1,2026-07-08
fungal,USA,2023,438,1410.0,46.0,0.032624113475177303,0.05412719891745603,0.9228687415426252,0.9688768606224628,0.03473565805950953,48.0,1.1090463294399908,48.0,78.38536585365854,16.69414902,,,,,,no_numeric_esac_net_series_locally,False,False,False,v1,2026-07-08
fungal,USA,2024,445,1402.0,34.0,0.024251069900142655,0.045020463847203276,0.9331514324693042,0.9768076398362893,0.03041320535930725,43.0,1.1106420729839683,43.0,78.89024390243904,,,,,,,no_numeric_esac_net_series_locally,False,False,False,v1,2026-07-08
fungal,ZAF,2010,11,46.0,2.0,0.043478260869565216,0.04347826086956524,0.9565217391304348,0.9565217391304348,0.4431045430183743,14.0,1.0780203671855584,14.0,58.886,7.79358244,,,,,,no_numeric_esac_net_series_locally,False,False,False,v1,2026-07-08
fungal,ZAF,2011,7,33.0,2.0,0.06060606060606061,0.06060606060606061,0.9393939393939394,0.9393939393939394,,14.0,0.776831053628676,20.0,60.602,7.94434404,,,,,,no_numeric_esac_net_series_locally,False,False,False,v1,2026-07-08
